Tempo_ï¿½s,Ciclo_CPU,Referencia_Motor,Vel_Real
884.0,0.0,0.0,0.0
1796.0,0.0,0.0,0.0
2744.0,0.0,0.0,0.0
4324.0,0.0,0.0,0.0
23032.0,0.0,0.0,0.0
42804.0,0.0,0.0,0.0
62552.0,0.0,0.0,0.0
82428.0,0.0,0.0,0.0
102072.0,0.0,0.0,0.0
122892.0,0.0,0.0,0.0
143672.0,0.0,0.0,0.0
164516.0,0.0,0.0,0.0
185272.0,0.0,0.0,0.0
206084.0,0.0,0.0,0.0
226872.0,0.0,0.0,0.0
247788.0,0.0,0.0,0.0
268472.0,0.0,0.0,0.0
289284.0,0.0,0.0,0.0
310072.0,0.0,0.0,0.0
330916.0,0.0,0.0,0.0
351672.0,0.0,0.0,0.0
372484.0,0.0,0.0,0.0
393272.0,0.0,0.0,0.0
414188.0,0.0,0.0,0.0
434872.0,0.0,0.0,0.0
455692.0,0.0,0.0,0.0
476472.0,0.0,0.0,0.0
497316.0,0.0,0.0,0.0
518072.0,0.0,0.0,0.0
538884.0,0.0,0.0,0.0
559704.0,0.0,0.0,0.0
580596.0,1.57,1400.0,0.0
604420.0,1.57,1400.0,0.0
628324.0,1.57,1400.0,0.0
652260.0,1.57,1400.0,0.0
676196.0,1.57,1400.0,0.0
700100.0,1.57,1400.0,0.0
724004.0,1.57,1400.0,0.0
747940.0,1.57,1400.0,0.0
771956.0,2.66,1400.0,0.0
795780.0,2.66,1400.0,0.0
819684.0,2.66,1400.0,0.0
843620.0,2.66,1400.0,0.0
867556.0,2.66,1400.0,0.0
891460.0,2.66,1400.0,0.0
915364.0,2.66,1400.0,0.0
939300.0,2.66,1400.0,0.0
963316.0,3.76,1400.0,0.0
987148.0,3.76,1400.0,0.0
1011044.0,3.76,1400.0,0.0
1036020.0,3.76,1400.0,0.0
1060996.0,3.76,1400.0,0.0
1085940.0,3.76,1400.0,0.0
1110884.0,3.76,1400.0,0.0
1135860.0,3.76,1400.0,0.0
1160916.0,4.86,1400.0,0.0
1185780.0,4.86,1400.0,0.0
1210724.0,4.86,1400.0,0.0
1235700.0,4.86,1400.0,0.0
1260756.0,5.95,1400.0,0.0
1285620.0,5.95,1400.0,0.0
1310564.0,5.95,1400.0,0.0
1335540.0,5.95,1400.0,0.0
1360516.0,5.95,1400.0,0.0
1385460.0,5.95,1400.0,0.0
1410404.0,5.95,1400.0,0.0
1435380.0,5.95,1400.0,0.0
1460440.0,7.05,1400.0,0.0
1485300.0,7.05,1400.0,0.0
1510244.0,7.05,1400.0,0.0
1535220.0,7.05,1400.0,0.0
1560196.0,7.05,1400.0,0.0
1585140.0,7.05,1400.0,0.0
1610084.0,7.05,1400.0,0.0
1635060.0,7.05,1400.0,0.0
1660120.0,8.14,1400.0,0.0
1684980.0,8.14,1400.0,0.0
1709924.0,8.14,1400.0,0.0
1734900.0,8.14,1400.0,0.0
1759960.0,9.24,1400.0,0.0
1784820.0,9.24,1400.0,0.0
1809764.0,9.24,1400.0,0.0
1834740.0,9.24,1400.0,0.0
1859800.0,10.34,1400.0,0.0
1885700.0,10.34,1400.0,0.0
1911716.0,10.34,1400.0,0.0
1937700.0,10.34,1400.0,0.0
1963800.0,11.43,1400.0,0.0
1989700.0,11.43,1400.0,0.0
2015716.0,11.43,1400.0,0.0
2041700.0,11.43,1400.0,0.0
2067852.0,12.53,1400.0,17.0
2094740.0,12.53,1400.0,17.0
2121796.0,12.53,1400.0,0.0
2147780.0,12.53,1400.0,0.0
2173880.0,13.62,1400.0,0.0
2199780.0,13.62,1400.0,0.0
2225796.0,13.62,1400.0,0.0
2251788.0,13.62,1400.0,0.0
2277880.0,14.72,1400.0,0.0
2303780.0,14.72,1400.0,0.0
2329796.0,14.72,1400.0,0.0
2355780.0,14.72,1400.0,0.0
2381884.0,15.82,1400.0,0.0
2407780.0,15.82,1400.0,0.0
2433796.0,15.82,1400.0,0.0
2459780.0,15.82,1400.0,0.0
2485880.0,16.91,1400.0,0.0
2511780.0,16.91,1400.0,0.0
2537796.0,16.91,1400.0,0.0
2563780.0,16.91,1400.0,0.0
2589880.0,18.01,1400.0,0.0
2615780.0,18.01,1400.0,0.0
2641796.0,18.01,1400.0,0.0
2667780.0,18.01,1400.0,0.0
2693880.0,19.11,1400.0,0.0
2719788.0,19.11,1400.0,0.0
2745796.0,19.11,1400.0,0.0
2771780.0,19.11,1400.0,0.0
2797880.0,20.2,1400.0,0.0
2823780.0,20.2,1400.0,0.0
2849800.0,20.2,1400.0,0.0
2875780.0,20.2,1400.0,0.0
2901880.0,21.3,1400.0,0.0
2927780.0,21.3,1400.0,0.0
2953796.0,21.3,1400.0,0.0
2979780.0,21.3,1400.0,0.0
3005880.0,22.39,1400.0,0.0
3031780.0,22.39,1400.0,0.0
3057796.0,22.39,1400.0,0.0
3083780.0,22.39,1400.0,0.0
3109880.0,23.49,1400.0,0.0
3135780.0,23.49,1400.0,0.0
3161796.0,23.49,1400.0,0.0
3187780.0,23.49,1400.0,0.0
3213880.0,24.59,1400.0,0.0
3239780.0,24.59,1400.0,0.0
3265796.0,24.59,1400.0,0.0
3291780.0,24.59,1400.0,0.0
3317888.0,25.68,1400.0,0.0
3343780.0,25.68,1400.0,0.0
3369796.0,25.68,1400.0,0.0
3395780.0,25.68,1400.0,0.0
3421880.0,26.78,1400.0,0.0
3447780.0,26.78,1400.0,0.0
3473848.0,26.78,1400.0,17.0
3500820.0,26.78,1400.0,17.0
3527964.0,27.86,1400.0,0.0
3553860.0,27.86,1400.0,0.0
3579876.0,27.86,1400.0,0.0
3605860.0,27.86,1400.0,0.0
3631960.0,28.96,1400.0,0.0
3657860.0,28.96,1400.0,0.0
3683876.0,28.96,1400.0,0.0
3709860.0,28.96,1400.0,0.0
3736016.0,30.05,1400.0,17.0
3762900.0,30.05,1400.0,17.0
3790012.0,30.05,1400.0,51.0
3816980.0,30.05,1400.0,51.0
3844188.0,31.09,1400.0,120.0
3872100.0,31.09,1400.0,120.0
3900248.0,31.09,1400.0,154.0
3928260.0,31.09,1400.0,154.0
3956500.0,32.03,1400.0,222.0
3984428.0,32.03,1400.0,222.0
4012572.0,32.03,1400.0,240.0
4040580.0,32.03,1400.0,240.0
4068820.0,32.91,1400.0,342.0
4096740.0,32.91,1400.0,342.0
4124900.0,32.91,1400.0,360.0
4152900.0,32.91,1400.0,360.0
4181148.0,33.69,1400.0,394.0
4209060.0,33.69,1400.0,394.0
4237220.0,33.69,1400.0,377.0
4265220.0,33.69,1400.0,377.0
4293464.0,34.48,1400.0,480.0
4321380.0,34.48,1400.0,480.0
4349532.0,34.48,1400.0,514.0
4377540.0,34.48,1400.0,514.0
4405784.0,35.13,1400.0,480.0
4433700.0,35.13,1400.0,480.0
4461852.0,35.13,1400.0,514.0
4489860.0,35.13,1400.0,514.0
4518100.0,35.82,1400.0,582.0
4546020.0,35.82,1400.0,582.0
4574172.0,35.82,1400.0,634.0
4602180.0,35.82,1400.0,634.0
4630420.0,36.38,1400.0,668.0
4658340.0,36.38,1400.0,668.0
4686492.0,36.38,1400.0,668.0
4714504.0,36.38,1400.0,668.0
4742748.0,36.95,1400.0,685.0
4770660.0,36.95,1400.0,685.0
4798812.0,36.95,1400.0,737.0
4826820.0,36.95,1400.0,737.0
4855056.0,37.44,1400.0,720.0
4882984.0,37.44,1400.0,720.0
4911144.0,37.44,1400.0,771.0
4939140.0,37.44,1400.0,771.0
4967380.0,37.92,1400.0,771.0
4995300.0,37.92,1400.0,771.0
5023452.0,37.92,1400.0,788.0
5051460.0,37.92,1400.0,788.0
5079700.0,38.4,1400.0,788.0
5107620.0,38.4,1400.0,788.0
5135780.0,38.4,1400.0,771.0
5163780.0,38.4,1400.0,771.0
5192040.0,38.89,1400.0,891.0
5219940.0,38.89,1400.0,891.0
5248100.0,38.89,1400.0,1028.0
5277140.0,38.89,1400.0,1028.0
5306424.0,39.1,1400.0,942.0
5334340.0,39.1,1400.0,942.0
5362492.0,39.1,1400.0,857.0
5390508.0,39.1,1400.0,857.0
5418752.0,39.58,1400.0,925.0
5446668.0,39.58,1400.0,925.0
5474812.0,39.58,1400.0,908.0
5502820.0,39.58,1400.0,908.0
5531060.0,39.95,1400.0,977.0
5558980.0,39.95,1400.0,977.0
5587132.0,39.95,1400.0,977.0
5615140.0,39.95,1400.0,977.0
5643384.0,40.26,1400.0,942.0
5671300.0,40.26,1400.0,942.0
5699452.0,40.26,1400.0,977.0
5727460.0,40.26,1400.0,977.0
5755696.0,40.59,1400.0,977.0
5783620.0,40.59,1400.0,977.0
5811780.0,40.59,1400.0,994.0
5839788.0,40.59,1400.0,994.0
5868020.0,40.9,1400.0,1011.0
5896980.0,40.9,1400.0,1011.0
5926172.0,40.9,1400.0,1045.0
5955220.0,40.9,1400.0,1045.0
5984500.0,41.16,1400.0,994.0
6012420.0,41.16,1400.0,994.0
6040572.0,41.16,1400.0,1011.0
6069628.0,41.16,1400.0,1011.0
6098900.0,41.48,1400.0,1062.0
6127860.0,41.48,1400.0,1062.0
6157052.0,41.48,1400.0,977.0
6185060.0,41.48,1400.0,977.0
6213300.0,41.82,1400.0,1045.0
6242260.0,41.82,1400.0,1045.0
6271448.0,41.82,1400.0,1097.0
6300500.0,41.82,1400.0,1097.0
6329776.0,42.02,1400.0,1114.0
6358740.0,42.02,1400.0,1114.0
6387932.0,42.02,1400.0,1165.0
6416980.0,42.02,1400.0,1165.0
6446264.0,42.18,1400.0,1131.0
6475228.0,42.18,1400.0,1131.0
6504412.0,42.18,1400.0,1114.0
6533460.0,42.18,1400.0,1114.0
6562740.0,42.42,1400.0,1045.0
6591700.0,42.42,1400.0,1045.0
6620892.0,42.42,1400.0,1165.0
6649940.0,42.42,1400.0,1165.0
6679224.0,42.59,1400.0,1114.0
6708180.0,42.59,1400.0,1114.0
6737380.0,42.59,1400.0,1165.0
6766420.0,42.59,1400.0,1165.0
6795696.0,42.77,1400.0,1114.0
6824660.0,42.77,1400.0,1114.0
6853848.0,42.77,1400.0,1097.0
6882900.0,42.77,1400.0,1097.0
6912184.0,43.03,1400.0,1182.0
6941140.0,43.03,1400.0,1182.0
6970336.0,43.03,1400.0,1148.0
6999380.0,43.03,1400.0,1148.0
7028664.0,43.21,1400.0,1182.0
7057620.0,43.21,1400.0,1182.0
7086812.0,43.21,1400.0,1200.0
7115860.0,43.21,1400.0,1200.0
7145136.0,43.35,1400.0,1217.0
7174100.0,43.35,1400.0,1217.0
7203292.0,43.35,1400.0,1148.0
7232340.0,43.35,1400.0,1148.0
7261616.0,43.57,1400.0,1217.0
7290580.0,43.57,1400.0,1217.0
7319772.0,43.57,1400.0,1165.0
7348820.0,43.57,1400.0,1165.0
7378104.0,43.74,1400.0,1200.0
7407060.0,43.74,1400.0,1200.0
7436252.0,43.74,1400.0,1182.0
7465300.0,43.74,1400.0,1182.0
7494576.0,43.91,1400.0,1200.0
7523540.0,43.91,1400.0,1200.0
7552740.0,43.91,1400.0,1131.0
7581780.0,43.91,1400.0,1131.0
7611064.0,44.14,1400.0,1268.0
7640020.0,44.14,1400.0,1268.0
7669212.0,44.14,1400.0,1234.0
7698260.0,44.14,1400.0,1234.0
7727536.0,44.23,1400.0,1200.0
7756500.0,44.23,1400.0,1200.0
7785692.0,44.23,1400.0,1268.0
7814740.0,44.23,1400.0,1268.0
7844028.0,44.32,1400.0,1251.0
7872980.0,44.32,1400.0,1251.0
7902172.0,44.32,1400.0,1234.0
7931220.0,44.32,1400.0,1234.0
7960500.0,44.47,1400.0,1302.0
7989468.0,44.47,1400.0,1302.0
8018652.0,44.47,1400.0,1285.0
8047700.0,44.47,1400.0,1285.0
8076988.0,44.54,1400.0,1302.0
8105940.0,44.54,1400.0,1302.0
8135132.0,44.54,1400.0,1234.0
8164180.0,44.54,1400.0,1234.0
8193460.0,44.69,1400.0,1320.0
8222420.0,44.69,1400.0,1320.0
8251612.0,44.69,1400.0,1285.0
8280660.0,44.69,1400.0,1285.0
8309944.0,44.76,1400.0,1200.0
8338900.0,44.76,1400.0,1200.0
8368092.0,44.76,1400.0,1234.0
8397140.0,44.76,1400.0,1234.0
8426424.0,44.91,1400.0,1234.0
8455380.0,44.91,1400.0,1234.0
8484572.0,44.91,1400.0,1302.0
8513620.0,44.91,1400.0,1302.0
8542896.0,44.96,1400.0,1285.0
8571860.0,44.96,1400.0,1285.0
8601048.0,44.96,1400.0,1285.0
8630100.0,44.96,1400.0,1285.0
8659380.0,45.05,1400.0,1165.0
8688340.0,45.05,1400.0,1165.0
8717532.0,45.05,1400.0,1337.0
8746580.0,45.05,1400.0,1337.0
8775868.0,45.09,1400.0,1302.0
8804820.0,45.09,1400.0,1302.0
8834012.0,45.09,1400.0,1251.0
8863060.0,45.09,1400.0,1251.0
8892340.0,45.23,1400.0,1234.0
8921300.0,45.23,1400.0,1234.0
8950500.0,45.23,1400.0,1302.0
8979540.0,45.23,1400.0,1302.0
9008820.0,45.29,1400.0,1354.0
9037780.0,45.29,1400.0,1354.0
9066968.0,45.29,1400.0,1217.0
9096020.0,45.29,1400.0,1217.0
9125308.0,45.46,1400.0,1320.0
9154260.0,45.46,1400.0,1320.0
9183452.0,45.46,1400.0,1234.0
9212500.0,45.46,1400.0,1234.0
9241788.0,45.59,1400.0,1302.0
9270740.0,45.59,1400.0,1302.0
9299932.0,45.59,1400.0,1302.0
9328980.0,45.59,1400.0,1302.0
9358256.0,45.64,1400.0,1234.0
9387220.0,45.64,1400.0,1234.0
9416412.0,45.64,1400.0,1337.0
9445460.0,45.64,1400.0,1337.0
9474748.0,45.68,1400.0,1251.0
9503700.0,45.68,1400.0,1251.0
9532892.0,45.68,1400.0,1285.0
9561940.0,45.68,1400.0,1285.0
9591220.0,45.79,1400.0,1371.0
9620180.0,45.79,1400.0,1371.0
9649380.0,45.79,1400.0,1165.0
9678420.0,45.79,1400.0,1165.0
9707704.0,46.01,1400.0,1457.0
9736660.0,46.01,1400.0,1457.0
9765852.0,46.01,1400.0,1114.0
9794900.0,46.01,1400.0,1114.0
9824180.0,46.25,1400.0,1320.0
9853140.0,46.25,1400.0,1320.0
9882328.0,46.25,1400.0,1594.0
9911380.0,46.25,1400.0,1594.0
9940656.0,45.94,1400.0,1131.0
9969620.0,45.94,1400.0,1131.0
9998812.0,45.94,1400.0,1148.0
10027860.0,45.94,1400.0,1148.0
10058176.0,46.29,1400.0,1165.0
10088180.0,46.29,1400.0,1165.0
10118420.0,46.29,1400.0,1182.0
10148500.0,46.29,1400.0,1182.0
10178824.0,46.45,1400.0,1457.0
10208820.0,46.45,1400.0,1457.0
10239056.0,46.45,1400.0,1182.0
10269140.0,46.45,1400.0,1182.0
10299460.0,46.62,1400.0,1182.0
10329460.0,46.62,1400.0,1182.0
10359692.0,46.62,1400.0,1182.0
10389780.0,46.62,1400.0,1182.0
10420100.0,46.79,1400.0,1371.0
10450100.0,46.79,1400.0,1371.0
10480332.0,46.79,1400.0,1182.0
10510420.0,46.79,1400.0,1182.0
10540736.0,46.96,1400.0,1182.0
10570740.0,46.96,1400.0,1182.0
10600972.0,46.96,1400.0,1182.0
10631060.0,46.96,1400.0,1182.0
10661376.0,47.13,1400.0,1182.0
10691380.0,47.13,1400.0,1182.0
10721612.0,47.13,1400.0,1182.0
10751700.0,47.13,1400.0,1182.0
10782020.0,47.3,1400.0,1268.0
10812020.0,47.3,1400.0,1268.0
10842248.0,47.3,1400.0,1542.0
10872340.0,47.3,1400.0,1542.0
10902664.0,47.07,1400.0,1182.0
10932660.0,47.07,1400.0,1182.0
10962892.0,47.07,1400.0,1337.0
10992980.0,47.07,1400.0,1337.0
11023300.0,47.19,1400.0,1302.0
11053300.0,47.19,1400.0,1302.0
11083532.0,47.19,1400.0,1182.0
11113620.0,47.19,1400.0,1182.0
11143944.0,47.41,1400.0,1354.0
11173940.0,47.41,1400.0,1354.0
11204172.0,47.41,1400.0,1474.0
11234260.0,47.41,1400.0,1474.0
11264580.0,47.25,1400.0,1182.0
11294580.0,47.25,1400.0,1182.0
11324812.0,47.25,1400.0,1405.0
11354900.0,47.25,1400.0,1405.0
11385224.0,47.27,1400.0,1268.0
11415220.0,47.27,1400.0,1268.0
11445452.0,47.27,1400.0,1182.0
11475540.0,47.27,1400.0,1182.0
11505872.0,47.52,1400.0,1422.0
11535860.0,47.52,1400.0,1422.0
11566100.0,47.52,1400.0,1302.0
11596180.0,47.52,1400.0,1302.0
11626504.0,47.55,1400.0,1182.0
11656500.0,47.55,1400.0,1182.0
11686732.0,47.55,1400.0,1405.0
11716820.0,47.55,1400.0,1405.0
11747144.0,47.51,1400.0,1354.0
11777140.0,47.51,1400.0,1354.0
11807372.0,47.51,1400.0,1182.0
11837468.0,47.51,1400.0,1182.0
11867776.0,47.76,1400.0,1217.0
11897780.0,47.76,1400.0,1217.0
11928012.0,47.76,1400.0,1405.0
11958100.0,47.76,1400.0,1405.0
11988428.0,47.68,1400.0,1182.0
12018420.0,47.68,1400.0,1182.0
12048652.0,47.68,1400.0,1200.0
12078740.0,47.68,1400.0,1200.0
12109056.0,47.91,1400.0,1662.0
12139060.0,47.91,1400.0,1662.0
12169296.0,47.91,1400.0,1200.0
12199380.0,47.91,1400.0,1200.0
12229700.0,48.06,1400.0,1182.0
12259700.0,48.06,1400.0,1182.0
12289932.0,48.06,1400.0,1542.0
12320020.0,48.06,1400.0,1542.0
12350340.0,47.84,1400.0,1628.0
12380340.0,47.84,1400.0,1628.0
12410572.0,47.84,1400.0,1679.0
12440660.0,47.84,1400.0,1679.0
12470980.0,47.57,1400.0,1182.0
12500980.0,47.57,1400.0,1182.0
12531208.0,47.57,1400.0,1217.0
12561300.0,47.57,1400.0,1217.0
12591620.0,47.87,1400.0,1679.0
12621624.0,47.87,1400.0,1679.0
12651852.0,47.87,1400.0,1182.0
12681940.0,47.87,1400.0,1182.0
12712260.0,48.05,1400.0,1182.0
12742260.0,48.05,1400.0,1182.0
12772492.0,48.05,1400.0,1525.0
12802580.0,48.05,1400.0,1525.0
12832904.0,47.84,1400.0,1491.0
12862900.0,47.84,1400.0,1491.0
12893132.0,47.84,1400.0,1508.0
12923220.0,47.84,1400.0,1508.0
12953540.0,47.76,1400.0,1234.0
12983548.0,47.76,1400.0,1234.0
13013772.0,47.76,1400.0,1182.0
13043860.0,47.76,1400.0,1182.0
13074176.0,48.04,1400.0,1457.0
13104188.0,48.04,1400.0,1457.0
13134412.0,48.04,1400.0,1268.0
13164500.0,48.04,1400.0,1268.0
13194816.0,48.12,1400.0,1440.0
13224820.0,48.12,1400.0,1440.0
13255048.0,48.12,1400.0,1697.0
13285148.0,48.12,1400.0,1697.0
13315464.0,47.74,1400.0,1251.0
13345460.0,47.74,1400.0,1251.0
13375692.0,47.74,1400.0,1662.0
13405780.0,47.74,1400.0,1662.0
13436104.0,47.55,1400.0,1182.0
13466100.0,47.55,1400.0,1182.0
13496336.0,47.55,1400.0,1182.0
13526420.0,47.55,1400.0,1182.0
13556740.0,47.88,1400.0,1508.0
13586740.0,47.88,1400.0,1508.0
13616972.0,47.88,1400.0,1388.0
13647060.0,47.88,1400.0,1388.0
13677384.0,47.82,1400.0,1182.0
13707388.0,47.82,1400.0,1182.0
13737616.0,47.82,1400.0,1474.0
13767712.0,47.82,1400.0,1474.0
13798020.0,47.73,1400.0,1440.0
13828020.0,47.73,1400.0,1440.0
13858252.0,47.73,1400.0,1182.0
13888340.0,47.73,1400.0,1182.0
13918656.0,48.0,1400.0,1234.0
13948660.0,48.0,1400.0,1234.0
13978892.0,48.0,1400.0,1337.0
14008980.0,48.0,1400.0,1337.0
14039296.0,48.0,1400.0,1388.0
14069308.0,48.0,1400.0,1388.0
14099540.0,48.0,1400.0,1782.0
14129620.0,48.0,1400.0,1782.0
14159944.0,47.55,1400.0,1182.0
14189940.0,47.55,1400.0,1182.0
14220172.0,47.55,1400.0,1182.0
14250268.0,47.55,1400.0,1182.0
14280576.0,47.92,1400.0,1559.0
14310580.0,47.92,1400.0,1559.0
14340812.0,47.92,1400.0,1251.0
14370900.0,47.92,1400.0,1251.0
14401220.0,48.02,1400.0,1182.0
14431240.0,48.02,1400.0,1182.0
14461452.0,48.02,1400.0,1645.0
14491540.0,48.02,1400.0,1645.0
14521856.0,47.69,1400.0,1697.0
14551860.0,47.69,1400.0,1697.0
14582092.0,47.69,1400.0,1251.0
14612180.0,47.69,1400.0,1251.0
14642496.0,47.94,1400.0,1234.0
14672500.0,47.94,1400.0,1234.0
14702732.0,47.94,1400.0,1182.0
14732820.0,47.94,1400.0,1182.0
14763144.0,48.13,1400.0,1182.0
14793140.0,48.13,1400.0,1182.0
14823368.0,48.13,1400.0,1217.0
14853468.0,48.13,1400.0,1217.0
14883776.0,48.27,1400.0,1800.0
14913780.0,48.27,1400.0,1800.0
14944008.0,48.27,1400.0,1217.0
14974100.0,48.27,1400.0,1217.0
15004412.0,48.41,1400.0,1594.0
15034420.0,48.41,1400.0,1594.0
15064652.0,48.41,1400.0,1611.0
15094740.0,48.41,1400.0,1611.0
15125056.0,48.11,1400.0,1200.0
15155060.0,48.11,1400.0,1200.0
15185292.0,48.11,1400.0,1817.0
15215380.0,48.11,1400.0,1817.0
15245696.0,47.72,1400.0,1354.0
15275700.0,47.72,1400.0,1354.0
15305928.0,47.72,1400.0,1474.0
15336020.0,47.72,1400.0,1474.0
15366344.0,47.77,1400.0,1268.0
15396340.0,47.77,1400.0,1268.0
15426576.0,47.77,1400.0,1182.0
15456660.0,47.77,1400.0,1182.0
15486984.0,48.04,1400.0,1320.0
15516980.0,48.04,1400.0,1320.0
15547208.0,48.04,1400.0,1440.0
15577300.0,48.04,1400.0,1440.0
15607620.0,47.92,1400.0,1200.0
15637620.0,47.92,1400.0,1200.0
15667852.0,47.92,1400.0,1817.0
15697944.0,47.92,1400.0,1817.0
15728256.0,47.47,1400.0,1182.0
15758260.0,47.47,1400.0,1182.0
15788492.0,47.47,1400.0,1182.0
15818580.0,47.47,1400.0,1182.0
15848896.0,47.85,1400.0,1268.0
15878900.0,47.85,1400.0,1268.0
15909132.0,47.85,1400.0,1320.0
15939220.0,47.85,1400.0,1320.0
15969540.0,47.87,1400.0,1182.0
15999540.0,47.87,1400.0,1182.0
16029776.0,47.87,1400.0,1182.0
16059860.0,47.87,1400.0,1182.0
16090180.0,48.09,1400.0,1285.0
16120180.0,48.09,1400.0,1285.0
16150412.0,48.09,1400.0,1182.0
16180500.0,48.09,1400.0,1182.0
16210812.0,48.26,1400.0,1628.0
16240820.0,48.26,1400.0,1628.0
16271052.0,48.26,1400.0,1559.0
16301140.0,48.26,1400.0,1559.0
16331460.0,48.01,1400.0,1182.0
16361460.0,48.01,1400.0,1182.0
16391704.0,48.01,1400.0,1885.0
16421780.0,48.01,1400.0,1885.0
16452096.0,47.52,1400.0,1371.0
16482100.0,47.52,1400.0,1371.0
16512332.0,47.52,1400.0,1251.0
16542420.0,47.52,1400.0,1251.0
16572740.0,47.85,1400.0,1422.0
16602740.0,47.85,1400.0,1422.0
16632972.0,47.85,1400.0,1182.0
16663060.0,47.85,1400.0,1182.0
16693384.0,48.04,1400.0,1285.0
16723380.0,48.04,1400.0,1285.0
16753612.0,48.04,1400.0,1662.0
16783700.0,48.04,1400.0,1662.0
16814024.0,47.67,1400.0,1422.0
16844020.0,47.67,1400.0,1422.0
16874248.0,47.67,1400.0,1697.0
16904340.0,47.67,1400.0,1697.0
16934656.0,47.43,1400.0,1200.0
16964660.0,47.43,1400.0,1200.0
16994892.0,47.43,1400.0,1200.0
17024980.0,47.43,1400.0,1200.0
17055296.0,47.75,1400.0,1491.0
17085300.0,47.75,1400.0,1491.0
17115532.0,47.75,1400.0,1234.0
17145620.0,47.75,1400.0,1234.0
17175940.0,47.87,1400.0,1182.0
17205940.0,47.87,1400.0,1182.0
17236172.0,47.87,1400.0,1422.0
17266260.0,47.87,1400.0,1422.0
17296592.0,47.79,1400.0,1285.0
17326580.0,47.79,1400.0,1285.0
17356816.0,47.79,1400.0,1182.0
17386900.0,47.79,1400.0,1182.0
17417220.0,48.04,1400.0,1474.0
17447220.0,48.04,1400.0,1474.0
17477452.0,48.04,1400.0,1354.0
17507540.0,48.04,1400.0,1354.0
17537860.0,48.02,1400.0,1542.0
17567860.0,48.02,1400.0,1542.0
17598096.0,48.02,1400.0,1697.0
17628188.0,48.02,1400.0,1697.0
17658496.0,47.67,1400.0,1234.0
17688500.0,47.67,1400.0,1234.0
17718732.0,47.67,1400.0,1920.0
17748820.0,47.67,1400.0,1920.0
17779148.0,47.19,1400.0,1182.0
17809140.0,47.19,1400.0,1182.0
17839376.0,47.19,1400.0,1200.0
17869460.0,47.19,1400.0,1200.0
17899776.0,47.59,1400.0,1765.0
17929780.0,47.59,1400.0,1765.0
17960024.0,47.59,1400.0,1268.0
17990100.0,47.59,1400.0,1268.0
18020432.0,47.67,1400.0,1182.0
18050420.0,47.67,1400.0,1182.0
18080648.0,47.67,1400.0,1594.0
18110740.0,47.67,1400.0,1594.0
18141064.0,47.41,1400.0,1165.0
18171060.0,47.41,1400.0,1165.0
18201300.0,47.41,1400.0,1182.0
18231380.0,47.41,1400.0,1182.0
18261696.0,47.72,1400.0,1440.0
18291700.0,47.72,1400.0,1440.0
18321936.0,47.72,1400.0,1508.0
18352020.0,47.72,1400.0,1508.0
18382344.0,47.52,1400.0,1182.0
18412340.0,47.52,1400.0,1182.0
18442580.0,47.52,1400.0,1422.0
18472660.0,47.52,1400.0,1422.0
18502992.0,47.54,1400.0,1457.0
18532980.0,47.54,1400.0,1457.0
18563220.0,47.54,1400.0,1182.0
18593300.0,47.54,1400.0,1182.0
18623632.0,47.79,1400.0,1525.0
18653620.0,47.79,1400.0,1525.0
18683860.0,47.79,1400.0,1457.0
18713940.0,47.79,1400.0,1457.0
18744268.0,47.65,1400.0,1182.0
18774260.0,47.65,1400.0,1182.0
18804500.0,47.65,1400.0,1320.0
18834580.0,47.65,1400.0,1320.0
18864904.0,47.76,1400.0,1268.0
18894900.0,47.76,1400.0,1268.0
18925132.0,47.76,1400.0,1182.0
18955220.0,47.76,1400.0,1182.0
18985544.0,47.98,1400.0,1234.0
19015540.0,47.98,1400.0,1234.0
19045772.0,47.98,1400.0,1371.0
19075860.0,47.98,1400.0,1371.0
19106180.0,47.94,1400.0,1182.0
19136180.0,47.94,1400.0,1182.0
19166412.0,47.94,1400.0,1182.0
19196500.0,47.94,1400.0,1182.0
19226828.0,48.17,1400.0,1337.0
19256820.0,48.17,1400.0,1337.0
19287056.0,48.17,1400.0,1268.0
19317140.0,48.17,1400.0,1268.0
19347472.0,48.24,1400.0,1508.0
19377460.0,48.24,1400.0,1508.0
19407700.0,48.24,1400.0,1611.0
19437780.0,48.24,1400.0,1611.0
19468104.0,47.96,1400.0,1234.0
19498100.0,47.96,1400.0,1234.0
19528340.0,47.96,1400.0,1851.0
19558428.0,47.96,1400.0,1851.0
19588740.0,47.53,1400.0,1371.0
19618740.0,47.53,1400.0,1371.0
19648972.0,47.53,1400.0,1182.0
19679060.0,47.53,1400.0,1182.0
19709384.0,47.93,1400.0,1765.0
19739380.0,47.93,1400.0,1765.0
19769612.0,47.93,1400.0,1388.0
19799700.0,47.93,1400.0,1388.0
19830024.0,47.87,1400.0,1182.0
19860020.0,47.87,1400.0,1182.0
19890264.0,47.87,1400.0,1457.0
19920340.0,47.87,1400.0,1457.0
19950668.0,47.8,1400.0,1559.0
19980660.0,47.8,1400.0,1559.0
20010892.0,47.8,1400.0,1182.0
20040980.0,47.8,1400.0,1182.0
20071300.0,48.06,1400.0,1268.0
20101300.0,48.06,1400.0,1268.0
20131532.0,48.06,1400.0,1782.0
20161620.0,48.06,1400.0,1782.0
20191944.0,47.56,1400.0,1371.0
20221940.0,47.56,1400.0,1371.0
20252172.0,47.56,1400.0,1971.0
20282260.0,47.56,1400.0,1971.0
20312576.0,47.05,1400.0,1200.0
20342580.0,47.05,1400.0,1200.0
20372812.0,47.05,1400.0,1182.0
20402900.0,47.05,1400.0,1182.0
20433224.0,47.49,1400.0,1405.0
20463220.0,47.49,1400.0,1405.0
20493452.0,47.49,1400.0,1268.0
20523540.0,47.49,1400.0,1268.0
20553864.0,47.56,1400.0,1182.0
20583860.0,47.56,1400.0,1182.0
20614092.0,47.56,1400.0,1285.0
20644180.0,47.56,1400.0,1285.0
20674500.0,47.64,1400.0,1182.0
20704500.0,47.64,1400.0,1182.0
20734732.0,47.64,1400.0,1182.0
20764820.0,47.64,1400.0,1182.0
20795136.0,47.85,1400.0,1182.0
20825140.0,47.85,1400.0,1182.0
20855372.0,47.85,1400.0,1182.0
20885460.0,47.85,1400.0,1182.0
20915772.0,48.02,1400.0,1268.0
20945780.0,48.02,1400.0,1268.0
20976012.0,48.02,1400.0,1234.0
21006116.0,48.02,1400.0,1234.0
21036420.0,48.13,1400.0,1731.0
21066420.0,48.13,1400.0,1731.0
21096648.0,48.13,1400.0,1474.0
21126740.0,48.13,1400.0,1474.0
21157072.0,47.99,1400.0,1474.0
21187060.0,47.99,1400.0,1474.0
21217300.0,47.99,1400.0,1765.0
21247380.0,47.99,1400.0,1765.0
21277704.0,47.61,1400.0,1182.0
21307700.0,47.61,1400.0,1182.0
21337932.0,47.61,1400.0,1182.0
21368020.0,47.61,1400.0,1182.0
21398336.0,47.98,1400.0,1679.0
21428340.0,47.98,1400.0,1679.0
21458572.0,47.98,1400.0,1182.0
21488668.0,47.98,1400.0,1182.0
21518976.0,48.15,1400.0,1182.0
21548980.0,48.15,1400.0,1182.0
21579208.0,48.15,1400.0,1697.0
21609300.0,48.15,1400.0,1697.0
21639616.0,47.74,1400.0,1577.0
21669620.0,47.74,1400.0,1577.0
21699848.0,47.74,1400.0,1474.0
21729940.0,47.74,1400.0,1474.0
21760260.0,47.76,1400.0,1182.0
21790260.0,47.76,1400.0,1182.0
21820496.0,47.76,1400.0,1182.0
21850580.0,47.76,1400.0,1182.0
21880904.0,48.03,1400.0,1491.0
21910900.0,48.03,1400.0,1491.0
21941132.0,48.03,1400.0,1285.0
21971220.0,48.03,1400.0,1285.0
22001540.0,48.08,1400.0,1662.0
22031540.0,48.08,1400.0,1662.0
22061772.0,48.08,1400.0,1800.0
22091860.0,48.08,1400.0,1800.0
22122176.0,47.6,1400.0,1182.0
22152180.0,47.6,1400.0,1182.0
22182412.0,47.6,1400.0,1662.0
22212508.0,47.6,1400.0,1662.0
22242820.0,47.44,1400.0,1182.0
22272820.0,47.44,1400.0,1182.0
22303052.0,47.44,1400.0,1182.0
22333140.0,47.44,1400.0,1182.0
22363456.0,47.77,1400.0,1474.0
22393460.0,47.77,1400.0,1474.0
22423692.0,47.77,1400.0,1422.0
22453780.0,47.77,1400.0,1422.0
22484108.0,47.67,1400.0,1182.0
22514104.0,47.67,1400.0,1182.0
22544336.0,47.67,1400.0,1388.0
22574420.0,47.67,1400.0,1388.0
22604744.0,47.69,1400.0,1594.0
22634740.0,47.69,1400.0,1594.0
22664972.0,47.69,1400.0,1182.0
22695068.0,47.69,1400.0,1182.0
22725376.0,47.93,1400.0,1320.0
22755380.0,47.93,1400.0,1320.0
22785608.0,47.93,1400.0,1697.0
22815700.0,47.93,1400.0,1697.0
22846016.0,47.53,1400.0,1182.0
22876020.0,47.53,1400.0,1182.0
22906252.0,47.53,1400.0,1251.0
22936340.0,47.53,1400.0,1251.0
22966660.0,47.79,1400.0,1559.0
22996660.0,47.79,1400.0,1559.0
23026892.0,47.79,1400.0,1182.0
23056980.0,47.79,1400.0,1182.0
23087304.0,47.99,1400.0,1234.0
23117308.0,47.99,1400.0,1234.0
23147540.0,47.99,1400.0,1559.0
23177620.0,47.99,1400.0,1559.0
23207944.0,47.74,1400.0,1200.0
23237940.0,47.74,1400.0,1200.0
23268168.0,47.74,1400.0,1217.0
23298268.0,47.74,1400.0,1217.0
23328576.0,48.0,1400.0,1491.0
23358580.0,48.0,1400.0,1491.0
23388812.0,48.0,1400.0,1200.0
23418908.0,48.0,1400.0,1200.0
23449216.0,48.16,1400.0,1234.0
23479228.0,48.16,1400.0,1234.0
23509452.0,48.16,1400.0,1748.0
23539540.0,48.16,1400.0,1748.0
23569856.0,47.7,1400.0,1594.0
23599860.0,47.7,1400.0,1594.0
23630092.0,47.7,1400.0,1611.0
23660180.0,47.7,1400.0,1611.0
23690496.0,47.58,1400.0,1200.0
23720500.0,47.58,1400.0,1200.0
23750736.0,47.58,1400.0,1182.0
23780820.0,47.58,1400.0,1182.0
23811140.0,47.9,1400.0,1440.0
23841140.0,47.9,1400.0,1440.0
23871372.0,47.9,1400.0,1182.0
23901460.0,47.9,1400.0,1182.0
23931772.0,48.07,1400.0,1200.0
23961780.0,48.07,1400.0,1200.0
23992012.0,48.07,1400.0,1457.0
24022100.0,48.07,1400.0,1457.0
24052420.0,47.93,1400.0,1834.0
24082420.0,47.93,1400.0,1834.0
24112648.0,47.93,1400.0,1542.0
24142740.0,47.93,1400.0,1542.0
24173060.0,47.79,1400.0,1182.0
24203060.0,47.79,1400.0,1182.0
24233292.0,47.79,1400.0,1234.0
24263380.0,47.79,1400.0,1234.0
24293700.0,48.02,1400.0,1302.0
24323700.0,48.02,1400.0,1302.0
24353932.0,48.02,1400.0,1182.0
24384020.0,48.02,1400.0,1182.0
24414344.0,48.21,1400.0,1611.0
24444340.0,48.21,1400.0,1611.0
24474572.0,48.21,1400.0,1422.0
24504660.0,48.21,1400.0,1422.0
24534980.0,48.11,1400.0,1234.0
24564980.0,48.11,1400.0,1234.0
24595212.0,48.11,1400.0,1800.0
24625300.0,48.11,1400.0,1800.0
24655620.0,47.67,1400.0,1251.0
24685620.0,47.67,1400.0,1251.0
24715852.0,47.67,1400.0,1645.0
24745940.0,47.67,1400.0,1645.0
24776256.0,47.53,1400.0,1268.0
24806260.0,47.53,1400.0,1268.0
24836492.0,47.53,1400.0,1182.0
24866580.0,47.53,1400.0,1182.0
24896896.0,47.86,1400.0,1422.0
24926900.0,47.86,1400.0,1422.0
24957132.0,47.86,1400.0,1577.0
24987220.0,47.86,1400.0,1577.0
25017544.0,47.59,1400.0,1182.0
25047540.0,47.59,1400.0,1182.0
25077776.0,47.59,1400.0,1182.0
25107860.0,47.59,1400.0,1182.0
25138184.0,47.89,1400.0,1645.0
25168180.0,47.89,1400.0,1645.0
25198412.0,47.89,1400.0,1182.0
25228500.0,47.89,1400.0,1182.0
25258816.0,48.06,1400.0,1182.0
25288820.0,48.06,1400.0,1182.0
25319052.0,48.06,1400.0,1182.0
25349144.0,48.06,1400.0,1182.0
25379452.0,48.23,1400.0,1800.0
25409460.0,48.23,1400.0,1800.0
25439692.0,48.23,1400.0,1559.0
25469780.0,48.23,1400.0,1559.0
25500096.0,47.98,1400.0,1285.0
25530100.0,47.98,1400.0,1285.0
25560332.0,47.98,1400.0,1731.0
25590420.0,47.98,1400.0,1731.0
25620748.0,47.67,1400.0,1182.0
25650740.0,47.67,1400.0,1182.0
25680976.0,47.67,1400.0,1182.0
25711060.0,47.67,1400.0,1182.0
25741380.0,48.02,1400.0,1354.0
25771380.0,48.02,1400.0,1354.0
25801608.0,48.02,1400.0,1217.0
25831700.0,48.02,1400.0,1217.0
25862020.0,48.15,1400.0,1679.0
25892020.0,48.15,1400.0,1679.0
25922248.0,48.15,1400.0,1594.0
25952340.0,48.15,1400.0,1594.0
25982656.0,47.87,1400.0,1285.0
26012660.0,47.87,1400.0,1285.0
26042892.0,47.87,1400.0,1782.0
26072980.0,47.87,1400.0,1782.0
26103304.0,47.51,1400.0,1234.0
26133300.0,47.51,1400.0,1234.0
26163532.0,47.51,1400.0,1182.0
26193620.0,47.51,1400.0,1182.0
26223936.0,47.88,1400.0,1422.0
26253940.0,47.88,1400.0,1422.0
26284168.0,47.88,1400.0,1217.0
26314260.0,47.88,1400.0,1217.0
26344584.0,48.02,1400.0,1182.0
26374580.0,48.02,1400.0,1182.0
26404812.0,48.02,1400.0,1337.0
26434900.0,48.02,1400.0,1337.0
26465232.0,48.02,1400.0,1628.0
26495220.0,48.02,1400.0,1628.0
26525452.0,48.02,1400.0,1525.0
26555540.0,48.02,1400.0,1525.0
26585856.0,47.86,1400.0,1868.0
26615860.0,47.86,1400.0,1868.0
26646092.0,47.86,1400.0,1371.0
26676180.0,47.86,1400.0,1371.0
26706500.0,47.94,1400.0,1182.0
26736500.0,47.94,1400.0,1182.0
26766732.0,47.94,1400.0,1234.0
26796820.0,47.94,1400.0,1234.0
26827136.0,48.11,1400.0,1337.0
26857140.0,48.11,1400.0,1337.0
26887372.0,48.11,1400.0,1182.0
26917460.0,48.11,1400.0,1182.0
26947784.0,48.3,1400.0,1697.0
26977780.0,48.3,1400.0,1697.0
27008028.0,48.3,1400.0,1679.0
27038100.0,48.3,1400.0,1679.0
27068424.0,47.92,1400.0,1285.0
27098420.0,47.92,1400.0,1285.0
27128652.0,47.92,1400.0,1988.0
27158740.0,47.92,1400.0,1988.0
27189064.0,47.35,1400.0,1234.0
27219060.0,47.35,1400.0,1234.0
27249300.0,47.35,1400.0,1182.0
27279388.0,47.35,1400.0,1182.0
27309708.0,47.79,1400.0,1697.0
27339700.0,47.79,1400.0,1697.0
27369932.0,47.79,1400.0,1302.0
27400020.0,47.79,1400.0,1302.0
27430348.0,47.83,1400.0,1182.0
27460340.0,47.83,1400.0,1182.0
27490572.0,47.83,1400.0,1594.0
27520660.0,47.83,1400.0,1594.0
27550984.0,47.58,1400.0,1405.0
27580980.0,47.58,1400.0,1405.0
27611224.0,47.58,1400.0,1182.0
27641300.0,47.58,1400.0,1182.0
27671620.0,47.89,1400.0,1628.0
27701620.0,47.89,1400.0,1628.0
27731852.0,47.89,1400.0,1422.0
27761940.0,47.89,1400.0,1422.0
27792268.0,47.79,1400.0,1182.0
27822260.0,47.79,1400.0,1182.0
27852500.0,47.79,1400.0,1320.0
27882580.0,47.79,1400.0,1320.0
27912908.0,47.89,1400.0,1611.0
27942900.0,47.89,1400.0,1611.0
27973132.0,47.89,1400.0,1182.0
28003220.0,47.89,1400.0,1182.0
28033544.0,48.11,1400.0,1200.0
28063540.0,48.11,1400.0,1200.0
28093776.0,48.11,1400.0,1594.0
28123860.0,48.11,1400.0,1594.0
28154184.0,47.82,1400.0,1405.0
28184180.0,47.82,1400.0,1405.0
28214416.0,47.82,1400.0,1868.0
28244500.0,47.82,1400.0,1868.0
28274832.0,47.36,1400.0,1200.0
28304820.0,47.36,1400.0,1200.0
28335060.0,47.36,1400.0,1182.0
28365140.0,47.36,1400.0,1182.0
28395464.0,47.76,1400.0,1662.0
28425460.0,47.76,1400.0,1662.0
28455692.0,47.76,1400.0,1182.0
28485780.0,47.76,1400.0,1182.0
28516100.0,47.93,1400.0,1200.0
28546100.0,47.93,1400.0,1200.0
28576340.0,47.93,1400.0,1731.0
28606420.0,47.93,1400.0,1731.0
28636740.0,47.48,1400.0,1182.0
28666740.0,47.48,1400.0,1182.0
28696972.0,47.48,1400.0,1182.0
28727060.0,47.48,1400.0,1182.0
28757384.0,47.84,1400.0,1559.0
28787380.0,47.84,1400.0,1559.0
28817612.0,47.84,1400.0,1182.0
28847700.0,47.84,1400.0,1182.0
28878024.0,48.01,1400.0,1285.0
