Tempo_µs,SetPoint,PWM,Vel_Real
624.0,750.0,0.0,0.0
1284.0,750.0,0.0,0.0
1976.0,750.0,0.0,0.0
2680.0,750.0,0.0,0.0
17828.0,750.0,0.0,0.0
36548.0,750.0,0.0,0.0
55268.0,750.0,0.0,0.0
73988.0,750.0,0.0,0.0
92708.0,750.0,0.0,0.0
111476.0,750.0,0.0,0.0
131188.0,750.0,0.0,0.0
150948.0,750.0,0.0,0.0
170708.0,750.0,0.0,0.0
190476.0,750.0,0.0,0.0
210228.0,750.0,0.0,0.0
230036.0,750.0,0.0,0.0
249748.0,750.0,0.0,0.0
269508.0,750.0,0.0,0.0
289268.0,750.0,0.0,0.0
309028.0,750.0,0.0,0.0
328788.0,750.0,0.0,0.0
348596.0,750.0,0.0,0.0
368308.0,750.0,0.0,0.0
388068.0,750.0,0.0,0.0
407828.0,750.0,0.0,0.0
427588.0,750.0,0.0,0.0
447348.0,750.0,0.0,0.0
467156.0,750.0,0.0,0.0
486868.0,750.0,0.0,0.0
506628.0,750.0,0.0,0.0
526388.0,750.0,0.0,0.0
546148.0,750.0,0.0,0.0
565908.0,750.0,0.0,0.0
585716.0,750.0,0.0,0.0
605428.0,750.0,0.0,0.0
625188.0,750.0,0.0,0.0
644948.0,750.0,0.0,0.0
664708.0,750.0,0.0,0.0
684468.0,750.0,0.0,0.0
704276.0,750.0,0.0,0.0
723992.0,750.0,0.0,0.0
743748.0,750.0,0.0,0.0
763508.0,750.0,0.0,0.0
783268.0,750.0,0.0,0.0
803028.0,750.0,0.0,0.0
822836.0,750.0,0.0,0.0
842548.0,750.0,0.0,0.0
862308.0,750.0,0.0,0.0
882068.0,750.0,0.0,0.0
901828.0,750.0,0.0,0.0
921588.0,750.0,0.0,0.0
941396.0,750.0,0.0,0.0
961108.0,750.0,0.0,0.0
980868.0,750.0,0.0,0.0
1000628.0,750.0,0.0,0.0
1021428.0,750.0,0.0,0.0
1042276.0,750.0,0.0,0.0
1063028.0,750.0,0.0,0.0
1083828.0,750.0,0.0,0.0
1104628.0,750.0,0.0,0.0
1125428.0,750.0,0.0,0.0
1146276.0,750.0,0.0,0.0
1167028.0,750.0,0.0,0.0
1187828.0,750.0,0.0,0.0
1208628.0,750.0,0.0,0.0
1229428.0,750.0,0.0,0.0
1250276.0,750.0,0.0,0.0
1271028.0,750.0,0.0,0.0
1291828.0,750.0,0.0,0.0
1312628.0,750.0,0.0,0.0
1333428.0,750.0,0.0,0.0
1354276.0,750.0,0.0,0.0
1375028.0,750.0,0.0,0.0
1395828.0,750.0,0.0,0.0
1416628.0,750.0,0.0,0.0
1437428.0,750.0,0.0,0.0
1458276.0,750.0,0.0,0.0
1479028.0,750.0,0.0,0.0
1499828.0,750.0,0.0,0.0
1520628.0,750.0,0.0,0.0
1541428.0,750.0,0.0,0.0
1562276.0,750.0,0.0,0.0
1583028.0,750.0,0.0,0.0
1603828.0,750.0,0.0,0.0
1624628.0,750.0,0.0,0.0
1645428.0,750.0,0.0,0.0
1666276.0,750.0,0.0,0.0
1687028.0,750.0,0.0,0.0
1707828.0,750.0,0.0,0.0
1728628.0,750.0,0.0,0.0
1749428.0,750.0,0.0,0.0
1770276.0,750.0,0.0,0.0
1791028.0,750.0,0.0,0.0
1811828.0,750.0,0.0,0.0
1832628.0,750.0,0.0,0.0
1853428.0,750.0,0.0,0.0
1874276.0,750.0,0.0,0.0
1895028.0,750.0,0.0,0.0
1915828.0,750.0,0.0,0.0
1936628.0,750.0,0.0,0.0
1957428.0,750.0,0.0,0.0
1978276.0,750.0,0.0,0.0
1999028.0,750.0,0.0,0.0
2019828.0,750.0,0.0,0.0
2040628.0,750.0,0.0,0.0
2061428.0,750.0,0.0,0.0
2082276.0,750.0,0.0,0.0
2103028.0,750.0,0.0,0.0
2123828.0,750.0,0.0,0.0
2144628.0,750.0,0.0,0.0
2165428.0,750.0,0.0,0.0
2186280.0,750.0,0.0,0.0
2207028.0,750.0,0.0,0.0
2227828.0,750.0,0.0,0.0
2248628.0,750.0,0.0,0.0
2269428.0,750.0,0.0,0.0
2290276.0,750.0,0.0,0.0
2311028.0,750.0,0.0,0.0
2331828.0,750.0,0.0,0.0
2352628.0,750.0,0.0,0.0
2373428.0,750.0,0.0,0.0
2394276.0,750.0,0.0,0.0
2415028.0,750.0,0.0,0.0
2435828.0,750.0,0.0,0.0
2456628.0,750.0,0.0,0.0
2477428.0,750.0,0.0,0.0
2498276.0,750.0,0.0,0.0
2519028.0,750.0,0.0,0.0
2539828.0,750.0,0.0,0.0
2560628.0,750.0,0.0,0.0
2581428.0,750.0,0.0,0.0
2602276.0,750.0,0.0,0.0
2623028.0,750.0,0.0,0.0
2643828.0,750.0,0.0,0.0
2664628.0,750.0,0.0,0.0
2685428.0,750.0,0.0,0.0
2706276.0,750.0,0.0,0.0
2727028.0,750.0,0.0,0.0
2747828.0,750.0,0.0,0.0
2768628.0,750.0,0.0,0.0
2789428.0,750.0,0.0,0.0
2810276.0,750.0,0.0,0.0
2831028.0,750.0,0.0,0.0
2851828.0,750.0,0.0,0.0
2872628.0,750.0,0.0,0.0
2893428.0,750.0,0.0,0.0
2914276.0,750.0,0.0,0.0
2935028.0,750.0,0.0,0.0
2955828.0,750.0,0.0,0.0
2976628.0,750.0,0.0,0.0
2997428.0,750.0,0.0,0.0
3018276.0,750.0,0.0,0.0
3039028.0,750.0,0.0,0.0
3059828.0,750.0,0.0,0.0
3080628.0,750.0,0.0,0.0
3101428.0,750.0,0.0,0.0
3122276.0,750.0,0.0,0.0
3143028.0,750.0,0.0,0.0
3163828.0,750.0,0.0,0.0
3184628.0,750.0,0.0,0.0
3205428.0,750.0,0.0,0.0
3226276.0,750.0,0.0,0.0
3247028.0,750.0,0.0,0.0
3267828.0,750.0,0.0,0.0
3288628.0,750.0,0.0,0.0
3309428.0,750.0,0.0,0.0
3330276.0,750.0,0.0,0.0
3351028.0,750.0,0.0,0.0
3371828.0,750.0,0.0,0.0
3392628.0,750.0,0.0,0.0
3413428.0,750.0,0.0,0.0
3434276.0,750.0,0.0,0.0
3455028.0,750.0,0.0,0.0
3475828.0,750.0,0.0,0.0
3496628.0,750.0,0.0,0.0
3517428.0,750.0,0.0,0.0
3538276.0,750.0,0.0,0.0
3559028.0,750.0,0.0,0.0
3579828.0,750.0,0.0,0.0
3600628.0,750.0,0.0,0.0
3621428.0,750.0,0.0,0.0
3642276.0,750.0,0.0,0.0
3663028.0,750.0,0.0,0.0
3683828.0,750.0,0.0,0.0
3704628.0,750.0,0.0,0.0
3725428.0,750.0,0.0,0.0
3746276.0,750.0,0.0,0.0
3767028.0,750.0,0.0,0.0
3787828.0,750.0,0.0,0.0
3808628.0,750.0,0.0,0.0
3829428.0,750.0,0.0,0.0
3850280.0,750.0,0.0,0.0
3871028.0,750.0,0.0,0.0
3891828.0,750.0,0.0,0.0
3912628.0,750.0,0.0,0.0
3933428.0,750.0,0.0,0.0
3954276.0,750.0,0.0,0.0
3975028.0,750.0,0.0,0.0
3995828.0,750.0,0.0,0.0
4016628.0,750.0,0.0,0.0
4037428.0,750.0,0.0,0.0
4058276.0,750.0,0.0,0.0
4079028.0,750.0,0.0,0.0
4099828.0,750.0,0.0,0.0
4120628.0,750.0,0.0,0.0
4141428.0,750.0,0.0,0.0
4162276.0,750.0,0.0,0.0
4183028.0,750.0,0.0,0.0
4203828.0,750.0,0.0,0.0
4224628.0,750.0,0.0,0.0
4245428.0,750.0,0.0,0.0
4266276.0,750.0,0.0,0.0
4287028.0,750.0,0.0,0.0
4307828.0,750.0,0.0,0.0
4328628.0,750.0,0.0,0.0
4349428.0,750.0,0.0,0.0
4370276.0,750.0,0.0,0.0
4391028.0,750.0,0.0,0.0
4411828.0,750.0,0.0,0.0
4432628.0,750.0,0.0,0.0
4453428.0,750.0,0.0,0.0
4474276.0,750.0,0.0,0.0
4495028.0,750.0,0.0,0.0
4515828.0,750.0,0.0,0.0
4536628.0,750.0,0.0,0.0
4557428.0,750.0,0.0,0.0
4578276.0,750.0,0.0,0.0
4599028.0,750.0,0.0,0.0
4619828.0,750.0,0.0,0.0
4640628.0,750.0,0.0,0.0
4661428.0,750.0,0.0,0.0
4682276.0,750.0,0.0,0.0
4703028.0,750.0,0.0,0.0
4723828.0,750.0,0.0,0.0
4744628.0,750.0,0.0,0.0
4765428.0,750.0,0.0,0.0
4786276.0,750.0,0.0,0.0
4807028.0,750.0,0.0,0.0
4827828.0,750.0,0.0,0.0
4848628.0,750.0,0.0,0.0
4869428.0,750.0,0.0,0.0
4890276.0,750.0,0.0,0.0
4911028.0,750.0,0.0,0.0
4931828.0,750.0,0.0,0.0
4952628.0,750.0,0.0,0.0
4973428.0,750.0,0.0,0.0
4994276.0,750.0,0.0,0.0
5015028.0,750.0,0.0,0.0
5035828.0,750.0,0.0,0.0
5056628.0,750.0,0.0,0.0
5077428.0,750.0,0.0,0.0
5098276.0,750.0,0.0,0.0
5119028.0,750.0,0.0,0.0
5139828.0,750.0,0.0,0.0
5160628.0,750.0,0.0,0.0
5181428.0,750.0,0.0,0.0
5202276.0,750.0,0.0,0.0
5223028.0,750.0,0.0,0.0
5243828.0,750.0,0.0,0.0
5264628.0,750.0,0.0,0.0
5285428.0,750.0,0.0,0.0
5306276.0,750.0,0.0,0.0
5327028.0,750.0,0.0,0.0
5347828.0,750.0,0.0,0.0
5368628.0,750.0,0.0,0.0
5389428.0,750.0,0.0,0.0
5410276.0,750.0,0.0,0.0
5431028.0,750.0,0.0,0.0
5451828.0,750.0,0.0,0.0
5472628.0,750.0,0.0,0.0
5493428.0,750.0,0.0,0.0
5514280.0,750.0,0.0,0.0
5535028.0,750.0,0.0,0.0
5555828.0,750.0,0.0,0.0
5576628.0,750.0,0.0,0.0
5597428.0,750.0,0.0,0.0
5618276.0,750.0,0.0,0.0
5639028.0,750.0,0.0,0.0
5659828.0,750.0,0.0,0.0
5680628.0,750.0,0.0,0.0
5701428.0,750.0,0.0,0.0
5722276.0,750.0,0.0,0.0
5743028.0,750.0,0.0,0.0
5763828.0,750.0,0.0,0.0
5784628.0,750.0,0.0,0.0
5805428.0,750.0,0.0,0.0
5826276.0,750.0,0.0,0.0
5847028.0,750.0,0.0,0.0
5867828.0,750.0,0.0,0.0
5888628.0,750.0,0.0,0.0
5909428.0,750.0,0.0,0.0
5930276.0,750.0,0.0,0.0
5951028.0,750.0,0.0,0.0
5971828.0,750.0,0.0,0.0
5992628.0,750.0,0.0,0.0
6013428.0,750.0,0.0,0.0
6034276.0,750.0,0.0,0.0
6055028.0,750.0,0.0,0.0
6075828.0,750.0,0.0,0.0
6096628.0,750.0,0.0,0.0
6117428.0,750.0,0.0,0.0
6138276.0,750.0,0.0,0.0
6159028.0,750.0,0.0,0.0
6179828.0,750.0,0.0,0.0
6200628.0,750.0,0.0,0.0
6221428.0,750.0,0.0,0.0
6242276.0,750.0,0.0,0.0
6263028.0,750.0,0.0,0.0
6283828.0,750.0,0.0,0.0
6304628.0,750.0,0.0,0.0
6325428.0,750.0,0.0,0.0
6346276.0,750.0,0.0,0.0
6367028.0,750.0,0.0,0.0
6387828.0,750.0,0.0,0.0
6408628.0,750.0,0.0,0.0
6429428.0,750.0,0.0,0.0
6450276.0,750.0,0.0,0.0
6471028.0,750.0,0.0,0.0
6491828.0,750.0,0.0,0.0
6512628.0,750.0,0.0,0.0
6533428.0,750.0,0.0,0.0
6554276.0,750.0,0.0,0.0
6575028.0,750.0,0.0,0.0
6595828.0,750.0,0.0,0.0
6616628.0,750.0,0.0,0.0
6637428.0,750.0,0.0,0.0
6658276.0,750.0,0.0,0.0
6679028.0,750.0,0.0,0.0
6699828.0,750.0,0.0,0.0
6720628.0,750.0,0.0,0.0
6741428.0,750.0,0.0,0.0
6762276.0,750.0,0.0,0.0
6783028.0,750.0,0.0,0.0
6803828.0,750.0,0.0,0.0
6824628.0,750.0,0.0,0.0
6845428.0,750.0,0.0,0.0
6866276.0,750.0,0.0,0.0
6887028.0,750.0,0.0,0.0
6907828.0,750.0,0.0,0.0
6928628.0,750.0,0.0,0.0
6949428.0,750.0,0.0,0.0
6970276.0,750.0,0.0,0.0
6991028.0,750.0,0.0,0.0
7011828.0,750.0,0.0,0.0
7032628.0,750.0,0.0,0.0
7053428.0,750.0,0.0,0.0
7074276.0,750.0,0.0,0.0
7095028.0,750.0,0.0,0.0
7115828.0,750.0,0.0,0.0
7136628.0,750.0,0.0,0.0
7157428.0,750.0,0.0,0.0
7178280.0,750.0,0.0,0.0
7199028.0,750.0,0.0,0.0
7219828.0,750.0,0.0,0.0
7240628.0,750.0,0.0,0.0
7261428.0,750.0,0.0,0.0
7282276.0,750.0,0.0,0.0
7303028.0,750.0,0.0,0.0
7323828.0,750.0,0.0,0.0
7344628.0,750.0,0.0,0.0
7365428.0,750.0,0.0,0.0
7386276.0,750.0,0.0,0.0
7407028.0,750.0,0.0,0.0
7427828.0,750.0,0.0,0.0
7448628.0,750.0,0.0,0.0
7469428.0,750.0,0.0,0.0
7490276.0,750.0,0.0,0.0
7511028.0,750.0,0.0,0.0
7531828.0,750.0,0.0,0.0
7552628.0,750.0,0.0,0.0
7573428.0,750.0,0.0,0.0
7594276.0,750.0,0.0,0.0
7615028.0,750.0,0.0,0.0
7635828.0,750.0,0.0,0.0
7656628.0,750.0,0.0,0.0
7677428.0,750.0,0.0,0.0
7698276.0,750.0,0.0,0.0
7719028.0,750.0,0.0,0.0
7739828.0,750.0,0.0,0.0
7760628.0,750.0,0.0,0.0
7781428.0,750.0,0.0,0.0
7802276.0,750.0,0.0,0.0
7823028.0,750.0,0.0,0.0
7843828.0,750.0,0.0,0.0
7864628.0,750.0,0.0,0.0
7885428.0,750.0,0.0,0.0
7906276.0,750.0,0.0,0.0
7927028.0,750.0,0.0,0.0
7947828.0,750.0,0.0,0.0
7968628.0,750.0,0.0,0.0
7989428.0,750.0,0.0,0.0
8010276.0,750.0,0.0,0.0
8031028.0,750.0,0.0,0.0
8051828.0,750.0,0.0,0.0
8072628.0,750.0,0.0,0.0
8093428.0,750.0,0.0,0.0
8114276.0,750.0,0.0,0.0
8135028.0,750.0,0.0,0.0
8155828.0,750.0,0.0,0.0
8176628.0,750.0,0.0,0.0
8197428.0,750.0,0.0,0.0
8218276.0,750.0,0.0,0.0
8239028.0,750.0,0.0,0.0
8259828.0,750.0,0.0,0.0
8280628.0,750.0,0.0,0.0
8301428.0,750.0,0.0,0.0
8322276.0,750.0,0.0,0.0
8343028.0,750.0,0.0,0.0
8363828.0,750.0,0.0,0.0
8384628.0,750.0,32.15,0.0
8406468.0,750.0,32.15,0.0
8428356.0,750.0,32.15,0.0
8450148.0,750.0,32.15,0.0
8471988.0,750.0,32.15,0.0
8493828.0,750.0,32.15,0.0
8515668.0,750.0,32.15,0.0
8537556.0,750.0,32.15,0.0
8559348.0,750.0,32.15,0.0
8581188.0,750.0,32.15,0.0
8603028.0,750.0,32.15,0.0
8624868.0,750.0,32.15,0.0
8646756.0,750.0,32.15,0.0
8668548.0,750.0,32.15,0.0
8690388.0,750.0,32.15,0.0
8712228.0,750.0,32.15,0.0
8734068.0,750.0,32.15,0.0
8755956.0,750.0,32.15,0.0
8777756.0,750.0,32.15,0.0
8799588.0,750.0,32.15,0.0
8821428.0,750.0,32.15,0.0
8843276.0,750.0,32.15,0.0
8865156.0,750.0,32.15,0.0
8886948.0,750.0,32.15,0.0
8908788.0,750.0,32.15,0.0
8930628.0,750.0,32.15,0.0
8952468.0,750.0,32.15,0.0
8974360.0,750.0,32.15,0.0
8996148.0,750.0,32.15,0.0
9017988.0,750.0,32.15,0.0
9039828.0,750.0,32.15,0.0
9061668.0,750.0,32.15,0.0
9083556.0,750.0,32.15,0.0
9105348.0,750.0,32.15,0.0
9127188.0,750.0,32.15,0.0
9149028.0,750.0,32.15,0.0
9170868.0,750.0,32.15,0.0
9192756.0,750.0,32.15,0.0
9214548.0,750.0,32.15,0.0
9236388.0,750.0,32.15,0.0
9258228.0,750.0,32.15,0.0
9280068.0,750.0,32.15,0.0
9301956.0,750.0,32.15,0.0
9323748.0,750.0,32.15,0.0
9345588.0,750.0,32.15,0.0
9367428.0,750.0,32.15,0.0
9389268.0,750.0,32.15,0.0
9411156.0,750.0,32.15,0.0
9432948.0,750.0,32.15,0.0
9454788.0,750.0,32.15,0.0
9476628.0,750.0,32.15,0.0
9498468.0,750.0,32.15,0.0
9520356.0,750.0,32.15,0.0
9542148.0,750.0,32.15,0.0
9563988.0,750.0,32.15,0.0
9585828.0,750.0,32.15,0.0
9607668.0,750.0,32.15,0.0
9629556.0,750.0,32.15,0.0
9651348.0,750.0,32.15,0.0
9673188.0,750.0,32.15,0.0
9695028.0,750.0,32.15,0.0
9716868.0,750.0,32.15,0.0
9738756.0,750.0,32.15,0.0
9760548.0,750.0,32.15,0.0
9782388.0,750.0,32.15,0.0
9804228.0,750.0,32.15,0.0
9826068.0,750.0,32.15,0.0
9847956.0,750.0,32.15,0.0
9869748.0,750.0,32.15,0.0
9891588.0,750.0,32.15,0.0
9913428.0,750.0,32.15,0.0
9935268.0,750.0,32.15,0.0
9957156.0,750.0,32.15,0.0
9978948.0,750.0,32.15,0.0
10000788.0,750.0,32.15,0.0
10023668.0,750.0,32.15,0.0
10046548.0,750.0,32.15,0.0
10069476.0,750.0,32.15,0.0
10092308.0,750.0,32.15,0.0
10115188.0,750.0,32.15,0.0
10138068.0,750.0,32.15,0.0
10160948.0,750.0,32.15,0.0
10183876.0,750.0,32.15,0.0
10206708.0,750.0,32.15,0.0
10229588.0,750.0,32.15,0.0
10252468.0,750.0,32.15,0.0
10275348.0,750.0,32.15,0.0
10298276.0,750.0,32.15,0.0
10321108.0,750.0,32.15,0.0
10343988.0,750.0,32.15,0.0
10366868.0,750.0,32.15,0.0
10389748.0,750.0,32.15,0.0
10412676.0,750.0,32.15,0.0
10435508.0,750.0,32.15,0.0
10458388.0,750.0,32.15,0.0
10481268.0,750.0,32.15,0.0
10504148.0,750.0,32.15,0.0
10527076.0,750.0,32.15,0.0
10549908.0,750.0,32.15,0.0
10572788.0,750.0,32.15,0.0
10595668.0,750.0,32.15,0.0
10618548.0,750.0,32.15,0.0
10641480.0,750.0,32.15,0.0
10664308.0,750.0,32.15,0.0
10687188.0,750.0,32.15,0.0
10710068.0,750.0,32.15,0.0
10732948.0,750.0,32.15,0.0
10755876.0,750.0,32.15,0.0
10778708.0,750.0,32.15,0.0
10801588.0,750.0,32.15,0.0
10824468.0,750.0,32.15,0.0
10847348.0,750.0,32.15,0.0
10870276.0,750.0,32.15,0.0
10893108.0,750.0,32.15,0.0
10915988.0,750.0,32.15,0.0
10938868.0,750.0,32.15,0.0
10961748.0,750.0,32.15,0.0
10984676.0,750.0,32.15,0.0
11007508.0,750.0,32.15,0.0
11030388.0,750.0,32.15,0.0
11053268.0,750.0,32.15,0.0
11076148.0,750.0,32.15,0.0
11099076.0,750.0,32.15,0.0
11121908.0,750.0,32.15,0.0
11144788.0,750.0,32.15,0.0
11167668.0,750.0,32.15,0.0
11190548.0,750.0,32.15,0.0
11213476.0,750.0,32.15,0.0
11236308.0,750.0,32.15,0.0
11259188.0,750.0,32.15,0.0
11282068.0,750.0,32.15,0.0
11304948.0,750.0,32.15,0.0
11327876.0,750.0,32.15,0.0
11350708.0,750.0,32.15,0.0
11373596.0,750.0,32.15,0.0
11396468.0,750.0,32.15,0.0
11419348.0,750.0,32.15,0.0
11442276.0,750.0,32.15,0.0
11465108.0,750.0,32.15,0.0
11487988.0,750.0,32.15,0.0
11510868.0,750.0,32.15,0.0
11533748.0,750.0,32.15,0.0
11556676.0,750.0,32.15,0.0
11579508.0,750.0,32.15,0.0
11602388.0,750.0,32.15,0.0
11625268.0,750.0,32.15,0.0
11648148.0,750.0,32.15,0.0
11671076.0,750.0,32.15,0.0
11693908.0,750.0,32.15,0.0
11716788.0,750.0,32.15,0.0
11739668.0,750.0,32.15,0.0
11762548.0,750.0,32.15,0.0
11785476.0,750.0,32.15,0.0
11808308.0,750.0,32.15,0.0
11831188.0,750.0,32.15,0.0
11854068.0,750.0,32.15,0.0
11876948.0,750.0,32.15,0.0
11899876.0,750.0,32.15,0.0
11922708.0,750.0,32.15,0.0
11945588.0,750.0,32.15,0.0
11968468.0,750.0,32.15,0.0
11991348.0,750.0,32.15,0.0
12014276.0,750.0,32.15,0.0
12037108.0,750.0,32.15,0.0
12059988.0,750.0,32.15,0.0
12082868.0,750.0,32.15,0.0
12105756.0,750.0,32.15,0.0
12128676.0,750.0,32.15,0.0
12151508.0,750.0,32.15,0.0
12174388.0,750.0,32.15,0.0
12197268.0,750.0,32.15,0.0
12220148.0,750.0,32.15,0.0
12243076.0,750.0,32.15,0.0
12265908.0,750.0,32.15,0.0
12288788.0,750.0,32.15,0.0
12311668.0,750.0,32.15,0.0
12334548.0,750.0,32.15,0.0
12357476.0,750.0,32.15,0.0
12380308.0,750.0,32.15,0.0
12403188.0,750.0,32.15,0.0
12426068.0,750.0,32.15,0.0
12448948.0,750.0,32.15,0.0
12471876.0,750.0,32.15,0.0
12494708.0,750.0,32.15,0.0
12517588.0,750.0,32.15,0.0
12540468.0,750.0,32.15,0.0
12563348.0,750.0,32.15,0.0
12586276.0,750.0,32.15,0.0
12609108.0,750.0,32.15,0.0
12631988.0,750.0,32.15,0.0
12654868.0,750.0,32.15,0.0
12677748.0,750.0,32.15,0.0
12700680.0,750.0,32.15,0.0
12723508.0,750.0,32.15,0.0
12746388.0,750.0,32.15,0.0
12769268.0,750.0,32.15,0.0
12792148.0,750.0,32.15,0.0
12815076.0,750.0,32.15,0.0
12837916.0,750.0,32.15,0.0
12860788.0,750.0,32.15,0.0
12883668.0,750.0,32.15,0.0
12906548.0,750.0,32.15,0.0
12929476.0,750.0,32.15,0.0
12952308.0,750.0,32.15,0.0
12975188.0,750.0,32.15,0.0
12998068.0,750.0,32.15,0.0
13020948.0,750.0,32.15,0.0
13043876.0,750.0,32.15,0.0
13066708.0,750.0,32.15,0.0
13089588.0,750.0,32.15,0.0
13112468.0,750.0,32.15,0.0
13135348.0,750.0,32.15,0.0
13158276.0,750.0,32.15,0.0
13181108.0,750.0,32.15,0.0
13203988.0,750.0,32.15,0.0
13226868.0,750.0,32.15,0.0
13249748.0,750.0,32.15,0.0
13272676.0,750.0,32.15,0.0
13295508.0,750.0,32.15,0.0
13318388.0,750.0,32.15,0.0
13341268.0,750.0,32.15,0.0
13364148.0,750.0,32.15,0.0
13387076.0,750.0,32.15,0.0
13409908.0,750.0,32.15,0.0
13432788.0,750.0,32.15,0.0
13455668.0,750.0,32.15,0.0
13478548.0,750.0,32.15,0.0
13501480.0,750.0,32.15,0.0
13524308.0,750.0,32.15,0.0
13547188.0,750.0,32.15,0.0
13570076.0,750.0,32.15,0.0
13592948.0,750.0,32.15,0.0
13615876.0,750.0,32.15,0.0
13638708.0,750.0,32.15,0.0
13661588.0,750.0,32.15,0.0
13684468.0,750.0,32.15,0.0
13707348.0,750.0,32.15,0.0
13730276.0,750.0,32.15,0.0
13753108.0,750.0,32.15,0.0
13775988.0,750.0,32.15,0.0
13798868.0,750.0,32.15,0.0
13821748.0,750.0,32.15,0.0
13844676.0,750.0,32.15,0.0
13867508.0,750.0,32.15,0.0
13890388.0,750.0,32.15,0.0
13913268.0,750.0,32.15,0.0
13936148.0,750.0,32.15,0.0
13959076.0,750.0,32.15,0.0
13981908.0,750.0,32.15,0.0
14004788.0,750.0,32.15,0.0
14027668.0,750.0,32.15,0.0
14050548.0,750.0,32.15,0.0
14073476.0,750.0,32.15,0.0
14096308.0,750.0,32.15,0.0
14119188.0,750.0,32.15,0.0
14142068.0,750.0,32.15,0.0
14164948.0,750.0,32.15,0.0
14187876.0,750.0,32.15,0.0
14210708.0,750.0,32.15,0.0
14233588.0,750.0,32.15,0.0
14256468.0,750.0,32.15,0.0
14279348.0,750.0,32.15,0.0
14302280.0,750.0,32.15,0.0
14325108.0,750.0,32.15,0.0
14347988.0,750.0,32.15,0.0
14370868.0,750.0,32.15,0.0
14393748.0,750.0,32.15,0.0
14416676.0,750.0,32.15,0.0
14439508.0,750.0,32.15,0.0
14462388.0,750.0,32.15,0.0
14485268.0,750.0,32.15,0.0
14508148.0,750.0,32.15,0.0
14531076.0,750.0,32.15,0.0
14553908.0,750.0,32.15,0.0
14576788.0,750.0,32.15,0.0
14599668.0,750.0,32.15,0.0
14622548.0,750.0,32.15,0.0
14645476.0,750.0,32.15,0.0
14668308.0,750.0,32.15,0.0
14691188.0,750.0,32.15,0.0
14714068.0,750.0,32.15,0.0
14736948.0,750.0,32.15,0.0
14759876.0,750.0,32.15,0.0
14782708.0,750.0,32.15,0.0
14805588.0,750.0,32.15,0.0
14828468.0,750.0,32.15,0.0
14851348.0,750.0,32.15,0.0
14874276.0,750.0,32.15,0.0
14897108.0,750.0,32.15,0.0
14919988.0,750.0,32.15,0.0
14942868.0,750.0,32.15,0.0
14965748.0,750.0,32.15,0.0
14988676.0,750.0,32.15,0.0
15011508.0,750.0,32.15,0.0
15034396.0,750.0,32.15,0.0
15057268.0,750.0,32.15,0.0
15080148.0,750.0,32.15,0.0
15103076.0,750.0,32.15,0.0
15125908.0,750.0,32.15,0.0
15148788.0,750.0,32.15,0.0
15171668.0,750.0,32.15,0.0
15194548.0,750.0,32.15,0.0
15217476.0,750.0,32.15,0.0
15240308.0,750.0,32.15,0.0
15263188.0,750.0,32.15,0.0
15286068.0,750.0,32.15,0.0
15308948.0,750.0,32.15,0.0
15331876.0,750.0,32.15,0.0
15354708.0,750.0,32.15,0.0
15377588.0,750.0,32.15,0.0
15400468.0,750.0,32.15,0.0
15423348.0,750.0,32.15,0.0
15446276.0,750.0,32.15,0.0
15469108.0,750.0,32.15,0.0
15491988.0,750.0,32.15,0.0
15514868.0,750.0,32.15,0.0
15537748.0,750.0,32.15,0.0
15560676.0,750.0,32.15,0.0
15583508.0,750.0,32.15,0.0
15606388.0,750.0,32.15,0.0
15629268.0,750.0,32.15,0.0
15652148.0,750.0,32.15,0.0
15675076.0,750.0,32.15,0.0
15697908.0,750.0,32.15,0.0
15720788.0,750.0,32.15,0.0
15743668.0,750.0,32.15,0.0
15766552.0,750.0,32.15,0.0
15789476.0,750.0,32.15,0.0
15812308.0,750.0,32.15,0.0
15835188.0,750.0,32.15,0.0
15858068.0,750.0,32.15,0.0
15880948.0,750.0,32.15,0.0
15903876.0,750.0,32.15,0.0
15926708.0,750.0,32.15,0.0
15949588.0,750.0,32.15,0.0
15972468.0,750.0,32.15,0.0
15995348.0,750.0,32.15,0.0
16018276.0,750.0,32.15,0.0
16041108.0,750.0,32.15,0.0
16063988.0,750.0,32.15,0.0
16086868.0,750.0,32.15,0.0
16109748.0,750.0,32.15,0.0
16132676.0,750.0,32.15,0.0
16155508.0,750.0,32.15,0.0
16178388.0,750.0,32.15,0.0
16201268.0,750.0,32.15,0.0
16224148.0,750.0,32.15,0.0
16247076.0,750.0,32.15,0.0
16269908.0,750.0,32.15,0.0
16292788.0,750.0,32.15,0.0
16315668.0,750.0,32.15,0.0
16338548.0,750.0,32.15,0.0
16361480.0,750.0,32.15,0.0
16384308.0,750.0,32.15,0.0
16407188.0,750.0,32.15,0.0
16430068.0,750.0,32.15,0.0
16452948.0,750.0,32.15,0.0
16475876.0,750.0,32.15,0.0
16498716.0,750.0,32.15,0.0
16521588.0,750.0,32.15,0.0
16544468.0,750.0,32.15,0.0
16567348.0,750.0,32.15,0.0
16590276.0,750.0,32.15,0.0
16613108.0,750.0,32.15,0.0
16635988.0,750.0,32.15,0.0
16658868.0,750.0,32.15,0.0
16681748.0,750.0,32.15,0.0
16704676.0,750.0,32.15,0.0
16727508.0,750.0,32.15,0.0
16750388.0,750.0,32.15,0.0
16773268.0,750.0,62.16,0.0
16796148.0,750.0,62.16,0.0
16819076.0,750.0,62.16,0.0
16841908.0,750.0,62.16,0.0
16864788.0,750.0,62.16,0.0
16887668.0,750.0,62.16,0.0
16910548.0,750.0,62.16,0.0
16933476.0,750.0,62.16,0.0
16956308.0,750.0,62.16,0.0
16979188.0,750.0,62.16,0.0
17002068.0,750.0,62.16,0.0
17024948.0,750.0,62.16,0.0
17047876.0,750.0,62.16,0.0
17070708.0,750.0,62.16,0.0
17093588.0,750.0,62.16,0.0
17116468.0,750.0,62.16,0.0
17139348.0,750.0,62.16,0.0
17162280.0,750.0,62.16,0.0
17185108.0,750.0,62.16,0.0
17207988.0,750.0,62.16,0.0
17230876.0,750.0,62.16,0.0
17253748.0,750.0,62.16,0.0
17276676.0,750.0,62.16,0.0
17299508.0,750.0,62.16,0.0
17322388.0,750.0,62.16,0.0
17345268.0,750.0,62.16,0.0
17368148.0,750.0,62.16,0.0
17391076.0,750.0,62.16,0.0
17413908.0,750.0,62.16,0.0
17436788.0,750.0,62.16,0.0
17459668.0,750.0,62.16,0.0
17482548.0,750.0,62.16,0.0
17505476.0,750.0,62.16,0.0
17528308.0,750.0,62.16,0.0
17551188.0,750.0,62.16,0.0
17574068.0,750.0,62.16,0.0
17596948.0,750.0,62.16,0.0
17619876.0,750.0,62.16,0.0
17642708.0,750.0,62.16,0.0
17665588.0,750.0,62.16,0.0
17688468.0,750.0,62.16,0.0
17711348.0,750.0,62.16,0.0
17734276.0,750.0,62.16,0.0
17757108.0,750.0,62.16,0.0
17779988.0,750.0,62.16,0.0
17802868.0,750.0,62.16,0.0
17825748.0,750.0,62.16,0.0
17848676.0,750.0,62.16,0.0
17871508.0,750.0,62.16,0.0
17894388.0,750.0,62.16,0.0
17917268.0,750.0,62.16,0.0
17940148.0,750.0,62.16,0.0
17963080.0,750.0,62.16,0.0
17985908.0,750.0,62.16,0.0
18008788.0,750.0,62.16,0.0
18031668.0,750.0,62.16,0.0
18054548.0,750.0,62.16,0.0
18077476.0,750.0,62.16,0.0
18100308.0,750.0,62.16,0.0
18123188.0,750.0,62.16,0.0
18146068.0,750.0,62.16,0.0
18168948.0,750.0,62.16,0.0
18191876.0,750.0,62.16,0.0
18214708.0,750.0,62.16,0.0
18237588.0,750.0,62.16,0.0
18260468.0,750.0,62.16,0.0
18283348.0,750.0,62.16,0.0
18306276.0,750.0,62.16,0.0
18329108.0,750.0,62.16,0.0
18351988.0,750.0,62.16,0.0
18374868.0,750.0,62.16,0.0
18397748.0,750.0,62.16,0.0
18420676.0,750.0,62.16,0.0
18443508.0,750.0,62.16,0.0
18466388.0,750.0,62.16,0.0
18489268.0,750.0,62.16,0.0
18512148.0,750.0,62.16,0.0
18535076.0,750.0,62.16,0.0
18557908.0,750.0,62.16,0.0
18580788.0,750.0,62.16,0.0
18603668.0,750.0,62.16,0.0
18626548.0,750.0,62.16,0.0
18649476.0,750.0,62.16,0.0
18672308.0,750.0,62.16,0.0
18695196.0,750.0,62.16,0.0
18718068.0,750.0,62.16,0.0
18740948.0,750.0,62.16,0.0
18763876.0,750.0,62.16,0.0
18786708.0,750.0,62.16,0.0
18809588.0,750.0,62.16,0.0
18832468.0,750.0,62.16,0.0
18855348.0,750.0,62.16,0.0
18878276.0,750.0,62.16,0.0
18901108.0,750.0,62.16,0.0
18923988.0,750.0,62.16,0.0
18946868.0,750.0,62.16,0.0
18969748.0,750.0,62.16,0.0
18992676.0,750.0,62.16,0.0
19015508.0,750.0,62.16,0.0
19038388.0,750.0,62.16,0.0
19061268.0,750.0,62.16,0.0
19084148.0,750.0,62.16,0.0
19107076.0,750.0,62.16,0.0
19129908.0,750.0,62.16,0.0
19152788.0,750.0,62.16,0.0
19175668.0,750.0,62.16,0.0
19198548.0,750.0,62.16,0.0
19221476.0,750.0,62.16,0.0
19244308.0,750.0,62.16,0.0
19267188.0,750.0,62.16,0.0
19290068.0,750.0,62.16,0.0
19312948.0,750.0,62.16,0.0
19335876.0,750.0,62.16,0.0
19358708.0,750.0,62.16,0.0
19381588.0,750.0,62.16,0.0
19404468.0,750.0,62.16,0.0
19427356.0,750.0,62.16,0.0
19450276.0,750.0,62.16,0.0
19473108.0,750.0,62.16,0.0
19495988.0,750.0,62.16,0.0
19518868.0,750.0,62.16,0.0
19541748.0,750.0,62.16,0.0
19564676.0,750.0,62.16,0.0
19587508.0,750.0,62.16,0.0
19610388.0,750.0,62.16,0.0
19633268.0,750.0,62.16,0.0
19656148.0,750.0,62.16,0.0
19679076.0,750.0,62.16,0.0
19701908.0,750.0,62.16,0.0
19724788.0,750.0,62.16,0.0
19747668.0,750.0,62.16,0.0
19770548.0,750.0,62.16,0.0
19793476.0,750.0,62.16,0.0
19816308.0,750.0,62.16,0.0
19839188.0,750.0,62.16,0.0
19862068.0,750.0,62.16,0.0
19884948.0,750.0,62.16,0.0
19907876.0,750.0,62.16,0.0
19930708.0,750.0,62.16,0.0
19953588.0,750.0,62.16,0.0
19976468.0,750.0,62.16,0.0
19999348.0,750.0,62.16,0.0
20022280.0,750.0,62.16,0.0
20045108.0,750.0,62.16,0.0
20067988.0,750.0,62.16,0.0
20090868.0,750.0,62.16,0.0
20113748.0,750.0,62.16,0.0
20136676.0,750.0,62.16,0.0
20159516.0,750.0,62.16,0.0
20182388.0,750.0,62.16,0.0
20205268.0,750.0,62.16,0.0
20228148.0,750.0,62.16,0.0
20251076.0,750.0,62.16,0.0
20273908.0,750.0,62.16,0.0
20296788.0,750.0,62.16,0.0
20319668.0,750.0,62.16,0.0
20342548.0,750.0,62.16,0.0
20365476.0,750.0,62.16,0.0
20388308.0,750.0,62.16,0.0
20411188.0,750.0,62.16,0.0
20434068.0,750.0,62.16,0.0
20456948.0,750.0,62.16,0.0
20479876.0,750.0,62.16,0.0
20502708.0,750.0,62.16,0.0
20525588.0,750.0,62.16,0.0
20548468.0,750.0,62.16,0.0
20571348.0,750.0,62.16,0.0
20594276.0,750.0,62.16,0.0
20617108.0,750.0,62.16,0.0
20639988.0,750.0,62.16,0.0
20662868.0,750.0,62.16,0.0
20685748.0,750.0,62.16,0.0
20708676.0,750.0,62.16,0.0
20731508.0,750.0,62.16,0.0
20754388.0,750.0,62.16,0.0
20777268.0,750.0,62.16,0.0
20800148.0,750.0,62.16,0.0
20823080.0,750.0,62.16,0.0
20845908.0,750.0,62.16,0.0
20868788.0,750.0,62.16,0.0
20891676.0,750.0,62.16,0.0
20914548.0,750.0,62.16,0.0
20937476.0,750.0,62.16,0.0
20960308.0,750.0,62.16,0.0
20983188.0,750.0,62.16,0.0
21006068.0,750.0,62.16,0.0
21028948.0,750.0,62.16,0.0
21051876.0,750.0,62.16,0.0
21074708.0,750.0,62.16,0.0
21097588.0,750.0,62.16,0.0
21120468.0,750.0,62.16,0.0
21143348.0,750.0,62.16,0.0
21166276.0,750.0,62.16,0.0
21189108.0,750.0,62.16,0.0
21211988.0,750.0,62.16,0.0
21234868.0,750.0,62.16,0.0
21257748.0,750.0,62.16,0.0
21280676.0,750.0,62.16,0.0
21303508.0,750.0,62.16,0.0
21326388.0,750.0,62.16,0.0
21349268.0,750.0,62.16,0.0
21372148.0,750.0,62.16,0.0
21395076.0,750.0,62.16,0.0
21417908.0,750.0,62.16,0.0
21440788.0,750.0,62.16,0.0
21463668.0,750.0,62.16,0.0
21486548.0,750.0,62.16,0.0
21509476.0,750.0,62.16,0.0
21532308.0,750.0,62.16,0.0
21555188.0,750.0,62.16,0.0
21578068.0,750.0,62.16,0.0
21600948.0,750.0,62.16,0.0
21623880.0,750.0,62.16,0.0
21646708.0,750.0,62.16,0.0
21669588.0,750.0,62.16,0.0
21692468.0,750.0,62.16,0.0
21715348.0,750.0,62.16,0.0
21738276.0,750.0,62.16,0.0
21761108.0,750.0,62.16,0.0
21783988.0,750.0,62.16,0.0
21806868.0,750.0,62.16,0.0
21829748.0,750.0,62.16,0.0
21852676.0,750.0,62.16,0.0
21875508.0,750.0,62.16,0.0
21898388.0,750.0,62.16,0.0
21921268.0,750.0,62.16,0.0
21944148.0,750.0,62.16,0.0
21967076.0,750.0,62.16,0.0
21989908.0,750.0,62.16,0.0
22012788.0,750.0,62.16,0.0
22035668.0,750.0,62.16,0.0
22058548.0,750.0,62.16,0.0
22081476.0,750.0,62.16,0.0
22104308.0,750.0,62.16,0.0
22127188.0,750.0,62.16,0.0
22150068.0,750.0,62.16,0.0
22172948.0,750.0,62.16,0.0
22195876.0,750.0,62.16,0.0
22218708.0,750.0,62.16,0.0
22241588.0,750.0,62.16,0.0
22264468.0,750.0,62.16,0.0
22287348.0,750.0,62.16,0.0
22310276.0,750.0,62.16,0.0
22333108.0,750.0,62.16,0.0
22355996.0,750.0,62.16,0.0
22378868.0,750.0,62.16,0.0
22401748.0,750.0,62.16,0.0
22424676.0,750.0,62.16,0.0
22447508.0,750.0,62.16,0.0
22470388.0,750.0,62.16,0.0
22493268.0,750.0,62.16,0.0
22516148.0,750.0,62.16,0.0
22539076.0,750.0,62.16,0.0
22561908.0,750.0,62.16,0.0
22584788.0,750.0,62.16,0.0
22607668.0,750.0,62.16,0.0
22630548.0,750.0,62.16,0.0
22653476.0,750.0,62.16,0.0
22676308.0,750.0,62.16,0.0
22699188.0,750.0,62.16,0.0
22722068.0,750.0,62.16,0.0
22744948.0,750.0,62.16,0.0
22767876.0,750.0,62.16,0.0
22790708.0,750.0,62.16,0.0
22813588.0,750.0,62.16,0.0
22836468.0,750.0,62.16,0.0
22859348.0,750.0,62.16,0.0
22882276.0,750.0,62.16,0.0
22905108.0,750.0,62.16,0.0
22927988.0,750.0,62.16,0.0
22950868.0,750.0,62.16,0.0
22973748.0,750.0,62.16,0.0
22996676.0,750.0,62.16,0.0
23019508.0,750.0,62.16,0.0
23042388.0,750.0,62.16,0.0
23065268.0,750.0,62.16,0.0
23088156.0,750.0,62.16,0.0
23111076.0,750.0,62.16,0.0
23133908.0,750.0,62.16,0.0
23156788.0,750.0,62.16,0.0
23179668.0,750.0,62.16,0.0
23202548.0,750.0,62.16,0.0
23225476.0,750.0,62.16,0.0
23248308.0,750.0,62.16,0.0
23271188.0,750.0,62.16,0.0
23294068.0,750.0,62.16,0.0
23316948.0,750.0,62.16,0.0
23339876.0,750.0,62.16,0.0
23362708.0,750.0,62.16,0.0
23385588.0,750.0,62.16,0.0
23408468.0,750.0,62.16,0.0
23431348.0,750.0,62.16,0.0
23454276.0,750.0,62.16,0.0
23477108.0,750.0,62.16,0.0
23499988.0,750.0,62.16,0.0
23522868.0,750.0,62.16,0.0
23545748.0,750.0,62.16,0.0
23568676.0,750.0,62.16,0.0
23591508.0,750.0,62.16,0.0
23614388.0,750.0,62.16,0.0
23637268.0,750.0,62.16,0.0
23660148.0,750.0,62.16,0.0
23683080.0,750.0,62.16,0.0
23705908.0,750.0,62.16,0.0
23728788.0,750.0,62.16,0.0
23751668.0,750.0,62.16,0.0
23774548.0,750.0,62.16,0.0
23797476.0,750.0,62.16,0.0
23820316.0,750.0,62.16,0.0
23843188.0,750.0,62.16,0.0
23866068.0,750.0,62.16,0.0
23888948.0,750.0,62.16,0.0
23911876.0,750.0,62.16,0.0
23934708.0,750.0,62.16,0.0
23957588.0,750.0,62.16,0.0
23980468.0,750.0,62.16,0.0
24003348.0,750.0,62.16,0.0
24026276.0,750.0,62.16,0.0
24049108.0,750.0,62.16,0.0
24071988.0,750.0,62.16,0.0
24094868.0,750.0,62.16,0.0
24117748.0,750.0,62.16,0.0
24140676.0,750.0,62.16,0.0
24163508.0,750.0,62.16,0.0
24186388.0,750.0,62.16,0.0
24209268.0,750.0,62.16,0.0
24232148.0,750.0,62.16,0.0
24255076.0,750.0,62.16,0.0
24277908.0,750.0,62.16,0.0
24300788.0,750.0,62.16,0.0
24323668.0,750.0,62.16,0.0
24346548.0,750.0,62.16,0.0
24369476.0,750.0,62.16,0.0
24392308.0,750.0,62.16,0.0
24415188.0,750.0,62.16,0.0
24438068.0,750.0,62.16,0.0
24460948.0,750.0,62.16,0.0
24483880.0,750.0,62.16,0.0
24506708.0,750.0,62.16,0.0
24529588.0,750.0,62.16,0.0
24552476.0,750.0,62.16,0.0
24575348.0,750.0,62.16,0.0
24598276.0,750.0,62.16,0.0
24621108.0,750.0,62.16,0.0
24643988.0,750.0,62.16,0.0
24666868.0,750.0,62.16,0.0
24689748.0,750.0,62.16,0.0
24712676.0,750.0,62.16,0.0
24735508.0,750.0,62.16,0.0
24758388.0,750.0,62.16,0.0
24781268.0,750.0,62.16,0.0
24804148.0,750.0,62.16,0.0
24827076.0,750.0,62.16,0.0
24849908.0,750.0,62.16,0.0
24872788.0,750.0,62.16,0.0
24895668.0,750.0,62.16,0.0
24918548.0,750.0,62.16,0.0
24941476.0,750.0,62.16,0.0
24964308.0,750.0,62.16,0.0
24987188.0,750.0,62.16,0.0
25010068.0,750.0,62.16,0.0
25032948.0,750.0,62.16,0.0
25055876.0,750.0,62.16,0.0
25078708.0,750.0,62.16,0.0
25101588.0,750.0,62.16,0.0
25124468.0,750.0,62.16,0.0
25147348.0,750.0,62.16,0.0
25170276.0,750.0,92.16,0.0
25193108.0,750.0,92.16,0.0
25215988.0,750.0,92.16,0.0
25238868.0,750.0,92.16,0.0
25261748.0,750.0,92.16,0.0
25284680.0,750.0,92.16,0.0
25307508.0,750.0,92.16,0.0
25330388.0,750.0,92.16,0.0
25353268.0,750.0,92.16,0.0
25376148.0,750.0,92.16,0.0
25399076.0,750.0,92.16,0.0
25421908.0,750.0,92.16,0.0
25444788.0,750.0,92.16,0.0
25467668.0,750.0,92.16,0.0
25490548.0,750.0,92.16,0.0
25513476.0,750.0,92.16,0.0
25536308.0,750.0,92.16,0.0
25559188.0,750.0,92.16,0.0
25582068.0,750.0,92.16,0.0
25604948.0,750.0,92.16,0.0
25627876.0,750.0,92.16,0.0
25650708.0,750.0,92.16,0.0
25673588.0,750.0,92.16,0.0
25696468.0,750.0,92.16,0.0
25719348.0,750.0,92.16,0.0
25742276.0,750.0,92.16,0.0
25765108.0,750.0,92.16,0.0
25787988.0,750.0,92.16,0.0
25810868.0,750.0,92.16,0.0
25833748.0,750.0,92.16,0.0
25856676.0,750.0,92.16,0.0
25879508.0,750.0,92.16,0.0
25902388.0,750.0,92.16,0.0
25925268.0,750.0,92.16,0.0
25948148.0,750.0,92.16,0.0
25971076.0,750.0,92.16,0.0
25993908.0,750.0,92.16,0.0
26016796.0,750.0,92.16,0.0
26039668.0,750.0,92.16,0.0
26062548.0,750.0,92.16,0.0
26085476.0,750.0,92.16,0.0
26108308.0,750.0,92.16,0.0
26131188.0,750.0,92.16,0.0
26154068.0,750.0,92.16,0.0
26176948.0,750.0,92.16,0.0
26199876.0,750.0,92.16,0.0
26222708.0,750.0,92.16,0.0
26245588.0,750.0,92.16,0.0
26268468.0,750.0,92.16,0.0
26291348.0,750.0,92.16,0.0
26314276.0,750.0,92.16,0.0
26337108.0,750.0,92.16,0.0
26359988.0,750.0,92.16,0.0
26382868.0,750.0,92.16,0.0
26405748.0,750.0,92.16,0.0
26428676.0,750.0,92.16,0.0
26451508.0,750.0,92.16,0.0
26474388.0,750.0,92.16,0.0
26497268.0,750.0,92.16,0.0
26520148.0,750.0,92.16,0.0
26543076.0,750.0,92.16,0.0
26565908.0,750.0,92.16,0.0
26588788.0,750.0,92.16,0.0
26611668.0,750.0,92.16,0.0
26634548.0,750.0,92.16,0.0
26657476.0,750.0,92.16,0.0
26680308.0,750.0,92.16,0.0
26703188.0,750.0,92.16,0.0
26726068.0,750.0,92.16,0.0
26748956.0,750.0,92.16,0.0
26771876.0,750.0,92.16,0.0
26794708.0,750.0,92.16,0.0
26817588.0,750.0,92.16,0.0
26840468.0,750.0,92.16,0.0
26863348.0,750.0,92.16,0.0
26886276.0,750.0,92.16,0.0
26909108.0,750.0,92.16,0.0
26931988.0,750.0,92.16,0.0
26954868.0,750.0,92.16,0.0
26977748.0,750.0,92.16,0.0
27000676.0,750.0,92.16,0.0
27023508.0,750.0,92.16,0.0
27046388.0,750.0,92.16,0.0
27069268.0,750.0,92.16,0.0
27092148.0,750.0,92.16,0.0
27115076.0,750.0,92.16,0.0
27137908.0,750.0,92.16,0.0
27160788.0,750.0,92.16,0.0
27183668.0,750.0,92.16,0.0
27206548.0,750.0,92.16,0.0
27229476.0,750.0,92.16,0.0
27252308.0,750.0,92.16,0.0
27275188.0,750.0,92.16,0.0
27298068.0,750.0,92.16,0.0
27320948.0,750.0,92.16,0.0
27343880.0,750.0,92.16,0.0
27366708.0,750.0,92.16,0.0
27389588.0,750.0,92.16,0.0
27412468.0,750.0,92.16,0.0
27435348.0,750.0,92.16,0.0
27458276.0,750.0,92.16,0.0
27481116.0,750.0,92.16,0.0
27503988.0,750.0,92.16,0.0
27526868.0,750.0,92.16,0.0
27549748.0,750.0,92.16,0.0
27572676.0,750.0,92.16,0.0
27595508.0,750.0,92.16,0.0
27618388.0,750.0,92.16,0.0
27641268.0,750.0,92.16,0.0
27664148.0,750.0,92.16,0.0
27687076.0,750.0,92.16,0.0
27709908.0,750.0,92.16,0.0
27732788.0,750.0,92.16,0.0
27755668.0,750.0,92.16,0.0
27778548.0,750.0,92.16,0.0
27801476.0,750.0,92.16,0.0
27824308.0,750.0,92.16,0.0
27847188.0,750.0,92.16,0.0
27870068.0,750.0,92.16,0.0
27892948.0,750.0,92.16,0.0
27915876.0,750.0,92.16,0.0
27938708.0,750.0,92.16,0.0
27961588.0,750.0,92.16,0.0
27984468.0,750.0,92.16,0.0
28007348.0,750.0,92.16,0.0
28030276.0,750.0,92.16,0.0
28053108.0,750.0,92.16,0.0
28075988.0,750.0,92.16,0.0
28098868.0,750.0,92.16,0.0
28121748.0,750.0,92.16,0.0
28144680.0,750.0,92.16,0.0
28167508.0,750.0,92.16,0.0
28190388.0,750.0,92.16,0.0
28213276.0,750.0,92.16,0.0
28236148.0,750.0,92.16,0.0
28259076.0,750.0,92.16,0.0
28281908.0,750.0,92.16,0.0
28304788.0,750.0,92.16,0.0
28327668.0,750.0,92.16,0.0
28350548.0,750.0,92.16,0.0
28373476.0,750.0,92.16,0.0
28396308.0,750.0,92.16,0.0
28419188.0,750.0,92.16,0.0
28442068.0,750.0,92.16,0.0
28464948.0,750.0,92.16,0.0
28487876.0,750.0,92.16,0.0
28510708.0,750.0,92.16,0.0
28533588.0,750.0,92.16,0.0
28556468.0,750.0,92.16,0.0
28579348.0,750.0,92.16,0.0
28602276.0,750.0,92.16,0.0
28625108.0,750.0,92.16,0.0
28647988.0,750.0,92.16,0.0
28670868.0,750.0,92.16,0.0
28693748.0,750.0,92.16,0.0
28716676.0,750.0,92.16,0.0
28739508.0,750.0,92.16,0.0
28762388.0,750.0,92.16,0.0
28785268.0,750.0,92.16,0.0
28808148.0,750.0,92.16,0.0
28831076.0,750.0,92.16,0.0
28853908.0,750.0,92.16,0.0
28876788.0,750.0,92.16,0.0
28899668.0,750.0,92.16,0.0
28922548.0,750.0,92.16,0.0
28945480.0,750.0,92.16,0.0
28968308.0,750.0,92.16,0.0
28991188.0,750.0,92.16,0.0
29014068.0,750.0,92.16,0.0
29036948.0,750.0,92.16,0.0
29059876.0,750.0,92.16,0.0
29082708.0,750.0,92.16,0.0
29105588.0,750.0,92.16,0.0
29128468.0,750.0,92.16,0.0
29151348.0,750.0,92.16,0.0
29174276.0,750.0,92.16,0.0
29197108.0,750.0,92.16,0.0
29219988.0,750.0,92.16,0.0
29242868.0,750.0,92.16,0.0
29265748.0,750.0,92.16,0.0
29288676.0,750.0,92.16,0.0
29311508.0,750.0,92.16,0.0
29334388.0,750.0,92.16,0.0
29357268.0,750.0,92.16,0.0
29380148.0,750.0,92.16,0.0
29403076.0,750.0,92.16,0.0
29425908.0,750.0,92.16,0.0
29448788.0,750.0,92.16,0.0
29471668.0,750.0,92.16,0.0
29494548.0,750.0,92.16,0.0
29517476.0,750.0,92.16,0.0
29540308.0,750.0,92.16,0.0
29563188.0,750.0,92.16,0.0
29586068.0,750.0,92.16,0.0
29608948.0,750.0,92.16,0.0
29631876.0,750.0,92.16,0.0
29654708.0,750.0,92.16,0.0
29677596.0,750.0,92.16,0.0
29700468.0,750.0,92.16,0.0
29723348.0,750.0,92.16,0.0
29746276.0,750.0,92.16,0.0
29769108.0,750.0,92.16,0.0
29791988.0,750.0,92.16,0.0
29814868.0,750.0,92.16,0.0
29837748.0,750.0,92.16,0.0
29860676.0,750.0,92.16,0.0
29883508.0,750.0,92.16,0.0
29906388.0,750.0,92.16,0.0
29929268.0,750.0,92.16,0.0
29952148.0,750.0,92.16,0.0
29975076.0,750.0,92.16,0.0
29997908.0,750.0,92.16,0.0
30020788.0,750.0,92.16,0.0
30043668.0,750.0,92.16,0.0
30066548.0,750.0,92.16,0.0
30089476.0,750.0,92.16,0.0
30112308.0,750.0,92.16,0.0
30135188.0,750.0,92.16,0.0
30158068.0,750.0,92.16,0.0
30180948.0,750.0,92.16,0.0
30203876.0,750.0,92.16,0.0
30226708.0,750.0,92.16,0.0
30249588.0,750.0,92.16,0.0
30272468.0,750.0,92.16,0.0
30295348.0,750.0,92.16,0.0
30318276.0,750.0,92.16,0.0
30341108.0,750.0,92.16,0.0
30363988.0,750.0,92.16,0.0
30386868.0,750.0,92.16,0.0
30409756.0,750.0,92.16,0.0
30432676.0,750.0,92.16,0.0
30455508.0,750.0,92.16,0.0
30478388.0,750.0,92.16,0.0
30501268.0,750.0,92.16,0.0
30524148.0,750.0,92.16,0.0
30547076.0,750.0,92.16,0.0
30569908.0,750.0,92.16,0.0
30592788.0,750.0,92.16,0.0
30615668.0,750.0,92.16,0.0
30638548.0,750.0,92.16,0.0
30661476.0,750.0,92.16,0.0
30684308.0,750.0,92.16,0.0
30707188.0,750.0,92.16,0.0
30730068.0,750.0,92.16,0.0
30752948.0,750.0,92.16,0.0
30775876.0,750.0,92.16,0.0
30798708.0,750.0,92.16,0.0
30821588.0,750.0,92.16,0.0
30844468.0,750.0,92.16,0.0
30867348.0,750.0,92.16,0.0
30890276.0,750.0,92.16,0.0
30913108.0,750.0,92.16,0.0
30935988.0,750.0,92.16,0.0
30958868.0,750.0,92.16,0.0
30981748.0,750.0,92.16,0.0
31004680.0,750.0,92.16,0.0
31027508.0,750.0,92.16,0.0
31050388.0,750.0,92.16,0.0
31073268.0,750.0,92.16,0.0
31096148.0,750.0,92.16,0.0
31119076.0,750.0,92.16,0.0
31141916.0,750.0,92.16,0.0
31164788.0,750.0,92.16,0.0
31187668.0,750.0,92.16,0.0
31210548.0,750.0,92.16,0.0
31233476.0,750.0,92.16,0.0
31256308.0,750.0,92.16,0.0
31279188.0,750.0,92.16,0.0
31302068.0,750.0,92.16,0.0
31324948.0,750.0,92.16,0.0
31347876.0,750.0,92.16,0.0
31370708.0,750.0,92.16,0.0
31393588.0,750.0,92.16,0.0
31416468.0,750.0,92.16,0.0
31439348.0,750.0,92.16,0.0
31462276.0,750.0,92.16,0.0
31485108.0,750.0,92.16,0.0
31507988.0,750.0,92.16,0.0
31530868.0,750.0,92.16,0.0
31553748.0,750.0,92.16,0.0
31576676.0,750.0,92.16,0.0
31599508.0,750.0,92.16,0.0
31622388.0,750.0,92.16,0.0
31645268.0,750.0,92.16,0.0
31668148.0,750.0,92.16,0.0
31691076.0,750.0,92.16,0.0
31713908.0,750.0,92.16,0.0
31736788.0,750.0,92.16,0.0
31759668.0,750.0,92.16,0.0
31782548.0,750.0,92.16,0.0
31805480.0,750.0,92.16,0.0
31828308.0,750.0,92.16,0.0
31851188.0,750.0,92.16,0.0
31874076.0,750.0,92.16,0.0
31896948.0,750.0,92.16,0.0
31919876.0,750.0,92.16,0.0
31942708.0,750.0,92.16,0.0
31965588.0,750.0,92.16,0.0
31988468.0,750.0,92.16,0.0
32011348.0,750.0,92.16,0.0
32034276.0,750.0,92.16,0.0
32057108.0,750.0,92.16,0.0
32079988.0,750.0,92.16,0.0
32102868.0,750.0,92.16,0.0
32125748.0,750.0,92.16,0.0
32148676.0,750.0,92.16,0.0
32171508.0,750.0,92.16,0.0
32194388.0,750.0,92.16,0.0
32217268.0,750.0,92.16,0.0
32240148.0,750.0,92.16,0.0
32263076.0,750.0,92.16,0.0
32285908.0,750.0,92.16,0.0
32308788.0,750.0,92.16,0.0
32331668.0,750.0,92.16,0.0
32354548.0,750.0,92.16,0.0
32377476.0,750.0,92.16,0.0
32400308.0,750.0,92.16,0.0
32423188.0,750.0,92.16,0.0
32446068.0,750.0,92.16,0.0
32468948.0,750.0,92.16,0.0
32491876.0,750.0,92.16,0.0
32514708.0,750.0,92.16,0.0
32537588.0,750.0,92.16,0.0
32560468.0,750.0,92.16,0.0
32583348.0,750.0,92.16,0.0
32606280.0,750.0,92.16,0.0
32629108.0,750.0,92.16,0.0
32651988.0,750.0,92.16,0.0
32674868.0,750.0,92.16,0.0
32697748.0,750.0,92.16,0.0
32720676.0,750.0,92.16,0.0
32743508.0,750.0,92.16,0.0
32766388.0,750.0,92.16,0.0
32789268.0,750.0,92.16,0.0
32812148.0,750.0,92.16,0.0
32835076.0,750.0,92.16,0.0
32857908.0,750.0,92.16,0.0
32880788.0,750.0,92.16,0.0
32903668.0,750.0,92.16,0.0
32926548.0,750.0,92.16,0.0
32949476.0,750.0,92.16,0.0
32972308.0,750.0,92.16,0.0
32995188.0,750.0,92.16,0.0
33018068.0,750.0,92.16,0.0
33040948.0,750.0,92.16,0.0
33063876.0,750.0,92.16,0.0
33086708.0,750.0,92.16,0.0
33109588.0,750.0,92.16,0.0
33132468.0,750.0,92.16,0.0
33155348.0,750.0,92.16,0.0
33178276.0,750.0,92.16,0.0
33201108.0,750.0,92.16,0.0
33223988.0,750.0,92.16,0.0
33246868.0,750.0,92.16,0.0
33269748.0,750.0,92.16,0.0
33292676.0,750.0,92.16,0.0
33315508.0,750.0,92.16,0.0
33338396.0,750.0,92.16,0.0
33361268.0,750.0,92.16,0.0
33384148.0,750.0,92.16,0.0
33407076.0,750.0,92.16,0.0
33429908.0,750.0,92.16,0.0
33452788.0,750.0,92.16,0.0
33475668.0,750.0,92.16,0.0
33498548.0,750.0,92.16,0.0
33521476.0,750.0,92.16,0.0
33544308.0,750.0,122.16,0.0
33568228.0,750.0,122.16,0.0
33592148.0,750.0,122.16,0.0
33616068.0,750.0,122.16,0.0
33640036.0,750.0,122.16,0.0
33663908.0,750.0,122.16,0.0
33687828.0,750.0,122.16,0.0
33711748.0,750.0,122.16,0.0
33735668.0,750.0,122.16,0.0
33759636.0,750.0,122.16,0.0
33783508.0,750.0,122.16,0.0
33807428.0,750.0,122.16,0.0
33831348.0,750.0,122.16,0.0
33855268.0,750.0,122.16,0.0
33879236.0,750.0,122.16,0.0
33903108.0,750.0,122.16,0.0
33927028.0,750.0,122.16,0.0
33950948.0,750.0,122.16,0.0
33974868.0,750.0,122.16,0.0
33998836.0,750.0,122.16,0.0
34022708.0,750.0,122.16,0.0
34046628.0,750.0,122.16,0.0
34070556.0,750.0,122.16,0.0
34094468.0,750.0,122.16,0.0
34118436.0,750.0,122.16,0.0
34142308.0,750.0,122.16,0.0
34166228.0,750.0,122.16,0.0
34190148.0,750.0,122.16,0.0
34214068.0,750.0,122.16,0.0
34238036.0,750.0,122.16,0.0
34261908.0,750.0,122.16,0.0
34285828.0,750.0,122.16,0.0
34309748.0,750.0,122.16,0.0
34333668.0,750.0,122.16,0.0
34357636.0,750.0,122.16,0.0
34381508.0,750.0,122.16,0.0
34405428.0,750.0,122.16,0.0
34429348.0,750.0,122.16,0.0
34453268.0,750.0,122.16,0.0
34477236.0,750.0,122.16,0.0
34501108.0,750.0,122.16,0.0
34525028.0,750.0,122.16,0.0
34548948.0,750.0,122.16,0.0
34572868.0,750.0,122.16,0.0
34596836.0,750.0,122.16,0.0
34620708.0,750.0,122.16,0.0
34644628.0,750.0,122.16,0.0
34668552.0,750.0,122.16,0.0
34692468.0,750.0,122.16,0.0
34716436.0,750.0,122.16,0.0
34740308.0,750.0,122.16,0.0
34764228.0,750.0,122.16,0.0
34788148.0,750.0,122.16,0.0
34812068.0,750.0,122.16,0.0
34836036.0,750.0,122.16,0.0
34859908.0,750.0,122.16,0.0
34883828.0,750.0,122.16,0.0
34907748.0,750.0,122.16,0.0
34931668.0,750.0,122.16,0.0
34955636.0,750.0,122.16,0.0
34979508.0,750.0,122.16,0.0
35003428.0,750.0,122.16,0.0
35027348.0,750.0,122.16,0.0
35051268.0,750.0,122.16,0.0
35075236.0,750.0,122.16,0.0
35099108.0,750.0,122.16,0.0
35123028.0,750.0,122.16,0.0
35146948.0,750.0,122.16,0.0
35170868.0,750.0,122.16,0.0
35194836.0,750.0,122.16,0.0
35218708.0,750.0,122.16,0.0
35242628.0,750.0,122.16,0.0
35266548.0,750.0,122.16,0.0
35290468.0,750.0,122.16,0.0
35314436.0,750.0,122.16,0.0
35338308.0,750.0,122.16,0.0
35362228.0,750.0,122.16,0.0
35386148.0,750.0,122.16,0.0
35410068.0,750.0,122.16,0.0
35434036.0,750.0,122.16,0.0
35457908.0,750.0,122.16,0.0
35481828.0,750.0,122.16,0.0
35505748.0,750.0,122.16,0.0
35529668.0,750.0,122.16,0.0
35553636.0,750.0,122.16,0.0
35577508.0,750.0,122.16,0.0
35601436.0,750.0,122.16,0.0
35625348.0,750.0,122.16,0.0
35649268.0,750.0,122.16,0.0
35673236.0,750.0,122.16,0.0
35697108.0,750.0,122.16,0.0
35721028.0,750.0,122.16,0.0
35744948.0,750.0,122.16,0.0
35768868.0,750.0,122.16,0.0
35792836.0,750.0,122.16,0.0
35816708.0,750.0,122.16,0.0
35840628.0,750.0,122.16,0.0
35864548.0,750.0,122.16,0.0
35888468.0,750.0,122.16,0.0
35912436.0,750.0,122.16,0.0
35936308.0,750.0,122.16,0.0
35960228.0,750.0,122.16,0.0
35984148.0,750.0,122.16,0.0
36008068.0,750.0,122.16,0.0
36032036.0,750.0,122.16,0.0
36055908.0,750.0,122.16,0.0
36079828.0,750.0,122.16,0.0
36103748.0,750.0,122.16,0.0
36127668.0,750.0,122.16,0.0
36151636.0,750.0,122.16,0.0
36175508.0,750.0,122.16,0.0
36199436.0,750.0,122.16,0.0
36223348.0,750.0,122.16,0.0
36247268.0,750.0,122.16,0.0
36271236.0,750.0,122.16,0.0
36295108.0,750.0,122.16,0.0
36319028.0,750.0,122.16,0.0
36342948.0,750.0,122.16,0.0
36366868.0,750.0,122.16,0.0
36390836.0,750.0,122.16,0.0
36414708.0,750.0,122.16,0.0
36438628.0,750.0,122.16,0.0
36462548.0,750.0,122.16,0.0
36486468.0,750.0,122.16,0.0
36510436.0,750.0,122.16,0.0
36534308.0,750.0,122.16,0.0
36558228.0,750.0,122.16,0.0
36582148.0,750.0,122.16,0.0
36606068.0,750.0,122.16,0.0
36630036.0,750.0,122.16,0.0
36653908.0,750.0,122.16,0.0
36677828.0,750.0,122.16,0.0
36701748.0,750.0,122.16,0.0
36725668.0,750.0,122.16,0.0
36749636.0,750.0,122.16,0.0
36773508.0,750.0,122.16,0.0
36797428.0,750.0,122.16,0.0
36821348.0,750.0,122.16,0.0
36845268.0,750.0,122.16,0.0
36869236.0,750.0,122.16,0.0
36893108.0,750.0,122.16,0.0
36917028.0,750.0,122.16,0.0
36940948.0,750.0,122.16,0.0
36964868.0,750.0,122.16,0.0
36988836.0,750.0,122.16,0.0
37012708.0,750.0,122.16,0.0
37036628.0,750.0,122.16,0.0
37060548.0,750.0,122.16,0.0
37084468.0,750.0,122.16,0.0
37108436.0,750.0,122.16,0.0
37132316.0,750.0,122.16,0.0
37156228.0,750.0,122.16,0.0
37180148.0,750.0,122.16,0.0
37204068.0,750.0,122.16,0.0
37228036.0,750.0,122.16,0.0
37251908.0,750.0,122.16,0.0
37275828.0,750.0,122.16,0.0
37299748.0,750.0,122.16,0.0
37323668.0,750.0,122.16,0.0
37347636.0,750.0,122.16,0.0
37371508.0,750.0,122.16,0.0
37395428.0,750.0,122.16,0.0
37419348.0,750.0,122.16,0.0
37443268.0,750.0,122.16,0.0
37467236.0,750.0,122.16,0.0
37491108.0,750.0,122.16,0.0
37515028.0,750.0,122.16,0.0
37538948.0,750.0,122.16,0.0
37562868.0,750.0,122.16,0.0
37586836.0,750.0,122.16,0.0
37610708.0,750.0,122.16,0.0
37634628.0,750.0,122.16,0.0
37658548.0,750.0,122.16,0.0
37682468.0,750.0,122.16,0.0
37706436.0,750.0,122.16,0.0
37730316.0,750.0,122.16,0.0
37754228.0,750.0,122.16,0.0
37778148.0,750.0,122.16,0.0
37802068.0,750.0,122.16,0.0
37826036.0,750.0,122.16,0.0
37849908.0,750.0,122.16,0.0
37873828.0,750.0,122.16,0.0
37897748.0,750.0,122.16,0.0
37921668.0,750.0,122.16,0.0
37945636.0,750.0,122.16,0.0
37969508.0,750.0,122.16,0.0
37993428.0,750.0,122.16,0.0
38017348.0,750.0,122.16,0.0
38041268.0,750.0,122.16,0.0
38065236.0,750.0,122.16,0.0
38089108.0,750.0,122.16,0.0
38113028.0,750.0,122.16,0.0
38136948.0,750.0,122.16,0.0
38160868.0,750.0,122.16,0.0
38184836.0,750.0,122.16,0.0
38208708.0,750.0,122.16,0.0
38232628.0,750.0,122.16,0.0
38256548.0,750.0,122.16,0.0
38280468.0,750.0,122.16,0.0
38304436.0,750.0,122.16,0.0
38328308.0,750.0,122.16,0.0
38352228.0,750.0,122.16,0.0
38376148.0,750.0,122.16,0.0
38400068.0,750.0,122.16,0.0
38424036.0,750.0,122.16,0.0
38447908.0,750.0,122.16,0.0
38471828.0,750.0,122.16,0.0
38495748.0,750.0,122.16,0.0
38519668.0,750.0,122.16,0.0
38543636.0,750.0,122.16,0.0
38567508.0,750.0,122.16,0.0
38591428.0,750.0,122.16,0.0
38615348.0,750.0,122.16,0.0
38639268.0,750.0,122.16,0.0
38663240.0,750.0,122.16,0.0
38687108.0,750.0,122.16,0.0
38711028.0,750.0,122.16,0.0
38734948.0,750.0,122.16,0.0
38758868.0,750.0,122.16,0.0
38782836.0,750.0,122.16,0.0
38806708.0,750.0,122.16,0.0
38830628.0,750.0,122.16,0.0
38854548.0,750.0,122.16,0.0
38878468.0,750.0,122.16,0.0
38902436.0,750.0,122.16,0.0
38926308.0,750.0,122.16,0.0
38950228.0,750.0,122.16,0.0
38974148.0,750.0,122.16,0.0
38998068.0,750.0,122.16,0.0
39022036.0,750.0,122.16,0.0
39045908.0,750.0,122.16,0.0
39069828.0,750.0,122.16,0.0
39093748.0,750.0,122.16,0.0
39117668.0,750.0,122.16,0.0
39141636.0,750.0,122.16,0.0
39165508.0,750.0,122.16,0.0
39189428.0,750.0,122.16,0.0
39213348.0,750.0,122.16,0.0
39237268.0,750.0,122.16,0.0
39261240.0,750.0,122.16,0.0
39285108.0,750.0,122.16,0.0
39309028.0,750.0,122.16,0.0
39332948.0,750.0,122.16,0.0
39356868.0,750.0,122.16,0.0
39380836.0,750.0,122.16,0.0
39404708.0,750.0,122.16,0.0
39428628.0,750.0,122.16,0.0
39452548.0,750.0,122.16,0.0
39476468.0,750.0,122.16,0.0
39500436.0,750.0,122.16,0.0
39524308.0,750.0,122.16,0.0
39548228.0,750.0,122.16,0.0
39572148.0,750.0,122.16,0.0
39596068.0,750.0,122.16,0.0
39620036.0,750.0,122.16,0.0
39643908.0,750.0,122.16,0.0
39667828.0,750.0,122.16,0.0
39691748.0,750.0,122.16,0.0
39715668.0,750.0,122.16,0.0
39739636.0,750.0,122.16,0.0
39763508.0,750.0,122.16,0.0
39787428.0,750.0,122.16,0.0
39811348.0,750.0,122.16,0.0
39835268.0,750.0,122.16,0.0
39859240.0,750.0,122.16,0.0
39883108.0,750.0,122.16,0.0
39907028.0,750.0,122.16,0.0
39930948.0,750.0,122.16,0.0
39954868.0,750.0,122.16,0.0
39978836.0,750.0,122.16,0.0
40002708.0,750.0,122.16,0.0
40026628.0,750.0,122.16,0.0
40050548.0,750.0,122.16,0.0
40074468.0,750.0,122.16,0.0
40098436.0,750.0,122.16,0.0
40122308.0,750.0,122.16,0.0
40146228.0,750.0,122.16,0.0
40170148.0,750.0,122.16,0.0
40194076.0,750.0,122.16,0.0
40218036.0,750.0,122.16,0.0
40241908.0,750.0,122.16,0.0
40265828.0,750.0,122.16,0.0
40289748.0,750.0,122.16,0.0
40313668.0,750.0,122.16,0.0
40337636.0,750.0,122.16,0.0
40361508.0,750.0,122.16,0.0
40385428.0,750.0,122.16,0.0
40409348.0,750.0,122.16,0.0
40433268.0,750.0,122.16,0.0
40457240.0,750.0,122.16,0.0
40481108.0,750.0,122.16,0.0
40505028.0,750.0,122.16,0.0
40528948.0,750.0,122.16,0.0
40552868.0,750.0,122.16,0.0
40576836.0,750.0,122.16,0.0
40600708.0,750.0,122.16,0.0
40624628.0,750.0,122.16,0.0
40648548.0,750.0,122.16,0.0
40672468.0,750.0,122.16,0.0
40696436.0,750.0,122.16,0.0
40720308.0,750.0,122.16,0.0
40744228.0,750.0,122.16,0.0
40768148.0,750.0,122.16,0.0
40792072.0,750.0,122.16,0.0
40816036.0,750.0,122.16,0.0
40839908.0,750.0,122.16,0.0
40863828.0,750.0,122.16,0.0
40887748.0,750.0,122.16,0.0
40911668.0,750.0,122.16,0.0
40935636.0,750.0,122.16,0.0
40959508.0,750.0,122.16,0.0
40983428.0,750.0,122.16,0.0
41007348.0,750.0,122.16,0.0
41031268.0,750.0,122.16,0.0
41055240.0,750.0,122.16,0.0
41079108.0,750.0,122.16,0.0
41103028.0,750.0,122.16,0.0
41126948.0,750.0,122.16,0.0
41150868.0,750.0,122.16,0.0
41174836.0,750.0,122.16,0.0
41198708.0,750.0,122.16,0.0
41222628.0,750.0,122.16,0.0
41246548.0,750.0,122.16,0.0
41270468.0,750.0,122.16,0.0
41294436.0,750.0,122.16,0.0
41318308.0,750.0,122.16,0.0
41342228.0,750.0,122.16,0.0
41366148.0,750.0,122.16,0.0
41390068.0,750.0,122.16,0.0
41414036.0,750.0,122.16,0.0
41437908.0,750.0,122.16,0.0
41461828.0,750.0,122.16,0.0
41485748.0,750.0,122.16,0.0
41509668.0,750.0,122.16,0.0
41533636.0,750.0,122.16,0.0
41557508.0,750.0,122.16,0.0
41581428.0,750.0,122.16,0.0
41605348.0,750.0,122.16,0.0
41629268.0,750.0,122.16,0.0
41653236.0,750.0,122.16,0.0
41677108.0,750.0,122.16,0.0
41701028.0,750.0,122.16,0.0
41724956.0,750.0,122.16,0.0
41748868.0,750.0,122.16,0.0
41772836.0,750.0,122.16,0.0
41796708.0,750.0,122.16,0.0
41820628.0,750.0,122.16,0.0
41844548.0,750.0,122.16,0.0
41868468.0,750.0,122.16,0.0
41892436.0,750.0,122.16,0.0
41916308.0,750.0,122.16,0.0
41940228.0,750.0,140.0,0.0
41964148.0,750.0,140.0,0.0
41988068.0,750.0,140.0,0.0
42012036.0,750.0,140.0,0.0
42035908.0,750.0,140.0,0.0
42059828.0,750.0,140.0,0.0
42083748.0,750.0,140.0,0.0
42107668.0,750.0,140.0,0.0
42131636.0,750.0,140.0,0.0
42155508.0,750.0,140.0,0.0
42179428.0,750.0,140.0,0.0
42203348.0,750.0,140.0,0.0
42227268.0,750.0,140.0,0.0
42251236.0,750.0,140.0,0.0
42275108.0,750.0,140.0,0.0
42299028.0,750.0,140.0,0.0
42322956.0,750.0,140.0,0.0
42346868.0,750.0,140.0,0.0
42370836.0,750.0,140.0,0.0
42394708.0,750.0,140.0,0.0
42418628.0,750.0,140.0,0.0
42442548.0,750.0,140.0,0.0
42466468.0,750.0,140.0,0.0
42490436.0,750.0,140.0,0.0
42514308.0,750.0,140.0,0.0
42538228.0,750.0,140.0,0.0
42562148.0,750.0,140.0,0.0
42586068.0,750.0,140.0,0.0
42610036.0,750.0,140.0,0.0
42633908.0,750.0,140.0,0.0
42657828.0,750.0,140.0,0.0
42681748.0,750.0,140.0,0.0
42705668.0,750.0,140.0,0.0
42729636.0,750.0,140.0,0.0
42753508.0,750.0,140.0,0.0
42777428.0,750.0,140.0,0.0
42801348.0,750.0,140.0,0.0
42825268.0,750.0,140.0,0.0
42849236.0,750.0,140.0,0.0
42873108.0,750.0,140.0,0.0
42897028.0,750.0,140.0,0.0
42920948.0,750.0,140.0,0.0
42944868.0,750.0,140.0,0.0
42968836.0,750.0,140.0,0.0
42992708.0,750.0,140.0,0.0
43016628.0,750.0,140.0,0.0
43040548.0,750.0,140.0,0.0
43064468.0,750.0,140.0,0.0
43088436.0,750.0,140.0,0.0
43112308.0,750.0,140.0,0.0
43136228.0,750.0,140.0,0.0
43160148.0,750.0,140.0,0.0
43184068.0,750.0,140.0,0.0
43208036.0,750.0,140.0,0.0
43231908.0,750.0,140.0,0.0
43255836.0,750.0,140.0,0.0
43279748.0,750.0,140.0,0.0
43303668.0,750.0,140.0,0.0
43327636.0,750.0,140.0,0.0
43351508.0,750.0,140.0,0.0
43375428.0,750.0,140.0,0.0
43399348.0,750.0,140.0,0.0
43423268.0,750.0,140.0,0.0
43447236.0,750.0,140.0,0.0
43471108.0,750.0,140.0,0.0
43495028.0,750.0,140.0,0.0
43518948.0,750.0,140.0,0.0
43542868.0,750.0,140.0,0.0
43566836.0,750.0,140.0,0.0
43590708.0,750.0,140.0,0.0
43614628.0,750.0,140.0,0.0
43638548.0,750.0,140.0,0.0
43662468.0,750.0,140.0,0.0
43686436.0,750.0,140.0,0.0
43710308.0,750.0,140.0,0.0
43734228.0,750.0,140.0,0.0
43758148.0,750.0,140.0,0.0
43782068.0,750.0,140.0,0.0
43806036.0,750.0,140.0,0.0
43829908.0,750.0,140.0,0.0
43853836.0,750.0,140.0,0.0
43877748.0,750.0,140.0,0.0
43901668.0,750.0,140.0,0.0
43925636.0,750.0,140.0,0.0
43949508.0,750.0,140.0,0.0
43973428.0,750.0,140.0,0.0
43997348.0,750.0,140.0,0.0
44021268.0,750.0,140.0,0.0
44045236.0,750.0,140.0,0.0
44069108.0,750.0,140.0,0.0
44093028.0,750.0,140.0,0.0
44116948.0,750.0,140.0,0.0
44140868.0,750.0,140.0,0.0
44164836.0,750.0,140.0,0.0
44188708.0,750.0,140.0,0.0
44212628.0,750.0,140.0,0.0
44236548.0,750.0,140.0,0.0
44260468.0,750.0,140.0,0.0
44284436.0,750.0,140.0,0.0
44308308.0,750.0,140.0,0.0
44332228.0,750.0,140.0,0.0
44356148.0,750.0,140.0,0.0
44380068.0,750.0,140.0,0.0
44404036.0,750.0,140.0,0.0
44427908.0,750.0,140.0,0.0
44451828.0,750.0,140.0,0.0
44475748.0,750.0,140.0,0.0
44499668.0,750.0,140.0,0.0
44523636.0,750.0,140.0,0.0
44547508.0,750.0,140.0,0.0
44571428.0,750.0,140.0,0.0
44595348.0,750.0,140.0,0.0
44619268.0,750.0,140.0,0.0
44643236.0,750.0,140.0,0.0
44667108.0,750.0,140.0,0.0
44691028.0,750.0,140.0,0.0
44714948.0,750.0,140.0,0.0
44738868.0,750.0,140.0,0.0
44762836.0,750.0,140.0,0.0
44786712.0,750.0,140.0,0.0
44810628.0,750.0,140.0,0.0
44834548.0,750.0,140.0,0.0
44858468.0,750.0,140.0,0.0
44882436.0,750.0,140.0,0.0
44906308.0,750.0,140.0,0.0
44930228.0,750.0,140.0,0.0
44954148.0,750.0,140.0,0.0
44978068.0,750.0,140.0,0.0
45002036.0,750.0,140.0,0.0
45025908.0,750.0,140.0,0.0
45049828.0,750.0,140.0,0.0
45073748.0,750.0,140.0,0.0
45097668.0,750.0,140.0,0.0
45121636.0,750.0,140.0,0.0
45145508.0,750.0,140.0,0.0
45169428.0,750.0,140.0,0.0
45193348.0,750.0,140.0,0.0
